31804	Swarm
31805	Turniplepas
31806	Mokemoke
31807	Gorilla Potato
31808	Goatcrocken
31809	Egg Prince
31810	Come on the Board
31811	Parrot Manager
31812	Macho MOE
31813	Mashuraten
31814	Persiraffe
31815	Dirt Eater
31816	Squidmone
31817	Mush & Room
31818	Phantom Berry
31819	Bean Die
31820	Elf Hunter
31821	My Fairy
31822	Building Block Castle
31823	Bath Tree
31824	Stuffed Tree Stuffed Nut
31825	PANDA Jet
31826	Gow Bug
31827	Rainbow Snake
31828	Omike
31829	Punk Wood
31830	Seafood
31831	Marvel Brothers
31832	Mai Home
31833	Precedo
31834	Uncle Frank
31835	Blockade Flower
31836	MUMA
31837	Dragon King
31838	Poison Dragon
31839	Trauma Inducer
31840	Glasses
31841	Scovalle
31842	Octolesia
31843	Norichan
31844	Chulichu
31845	Pii * Po
31846	Nennen
31847	Toilet and\nPaper Fairies
31848	Dummy Root
31849	Rice Man
31850	Bashful Spinny
31851	Corc
31852	Gol Bago
31853	Unkou
31854	Geezer Uncle
31855	Bowl Brothers
31856	Mummy Bird
31857	Cheezun
31858	Puff King &\nPuff Soldier
31859	Kirame
31860	Chinnen
31861	Athlete's Foot
31862	Browgeddon
31863	Pigeonette
31864	Baend
31865	Twin Ghosts
31866	Rabupon
31867	Maromaro
31868	Yo, Hei, Unhei
31869	Horizontal Zebra
31870	Blossom Boy
31871	Nosehair Oldman
31872	Yoreyore
31873	Marochama
31874	Home
31875	Breaktime Family
31876	Ricecake
31877	Yurihas
31878	Boaster Worm
31879	Foot Couple
31880	Eringi
31881	Machiroria
31882	Battoon
31883	Negotiator Cat
31884	Morhino
31885	Miss Turkina
31886	Sakuya Konohana
31887	Hooky Worm
31888	Finger Man
31889	King
31890	Usatan
31891	Lips Man
31892	Mr. Tamayama
31893	Battonfly
31894	U, M, A bugs
31895	Tokkilth
31896	Updown Worm
31897	Rebbelious Imp
31898	Lulu
31899	Rule
31900	Echor
31901	Jealousy Knight
31902	Potato Worm
31903	Don Bracocko