31804	Evil Dragoon Cat
31805	Amariya
31806	Amani-tan
31807	Bruno
31808	Achbar
31809	Big Red
31810	Birdie
31811	Blueberry Screams
31812	Gunther Gums
31813	Bokoma
31814	Junk-heap
31815	Bristle
31816	Bunny Knight Spirit
31817	Buruce
31818	Cacto-Ram
31819	Celestial
31820	Airhead
31821	Ciractus
31822	Clucky Knight
31823	Corn-fed
31824	Raging Rainbox
31825	Demonic Haystack
31826	Dragadilloon
31827	Daisybeast
31828	Nessie the\nMechanical Monster
31829	Elecan
31830	Myrtle the Murtle
31831	Watatre
31832	Florocious
31833	Flummux
31834	Sally and Sam
31835	Garkin
31836	Rabu
31837	Nukiorin
31838	Grimble
31839	Guggo
31840	Tearshell
31841	Riptide Razortooth
31842	Harvey Hedgehog
31843	Hiphoblin
31844	Hopchi
31845	Ichigozilla
31846	J.L. Tedsworth
31847	Blub-blub
31848	Burchwood
31849	Lightning Bug
31850	Lochdrake
31851	Mean Red Rock
31852	Oko Pogo
31853	Mother Pom
31854	Mr. Lint
31855	Flippy
31856	The Trickster
31857	Ninjun
31858	Octoknight
31859	Flet
31860	Omnipawn
31861	Pachi
31862	Para Ooma
31863	Horkinode The Wise
31864	Pipi the\nPostal Pidgeon
31865	Mr. Happydays
31866	Holocirce
31867	Puff Jester
31868	Kabelle
31869	RoboCrabigator
31870	Scavanger
31871	Shmon-mon
31872	Cyoturtle 
31873	Streck Beast
31874	Lunestahnie
31875	Vaccuucage
31876	Leanos
31877	Wereturtle
31878	Sirose
31879	Wooly Eyemmoth
31880	Yobock
31881	Zefiel
31882	Lepid the Kobold
31883	Militis-illudo Morsus
31884	Bunnypillar
31885	Pickle Farmer
31886	Dragon Claw
31887	Lord Boardleg
31888	Bonecruncher
31889	The Eye Lasher
31890	Garzoap
31891	El Bandito
31892	Forest Gnome
31893	Ginger
31894	Chauncey
31895	Jean
31896	Lolly-Bop
31897	Zealor
31898	Kaeh Doll
31899	Plain Jane
31900	Pogi
31901	Creepy Cushy
31902	Nocotor
31903	Flambrella