0	Kingdom View
1	World Domination
2	The World is Huge
3	Onii King Appears
4	Princess Apricot
5	A Couple of Cats
6	The World is Huger
7	Duvroc Appears
8	Punish Duvroc
9	Princess Bouquet
10	A Crowd of Cats
11	Enter Shishkebaboo
12	Punish Shishkebaboo
13	Princess Spumoni
14	Four Furballs
15	Skinny Ray's Device
16	Worrywart Soldier 1
17	Worrywart Soldier 2
18	Worrywart Soldier 3
19	Punish Omelet
20	Princess Shizuka
21	Five Felines
22	TV Dinnah Appears
23	Punish TV Dinnah
24	Princess Kokomo
25	Six Kitties
26	Sauvage Appears
27	Punish Sauvage
28	Princess Ferne
29	Cats, Cats, Cats!
30	Champloon Appears
31	Punish Champloon
32	Princess Martel
33	What, more cats?!
34	Earthquakes!
35	Flying Machine Built