0	SYSTEM_PLAYLIMIT_CANTRUN
1	SYSTEM_PLAYLIMIT_CANTZOOMCAMERA
2	SYSTEM_PLAYLIMIT_CANT_BOOT_KINGCHAIR_MENU
3	SYSTEM_PLAYLIMIT_CANTOPENMENU
4	SYSTEM_PLAYLIMIT_CANTBREAKUP
5	SYSTEM_PAUSE_LIFE_SIMULATION
6	SYSTEM_PLAYLIMIT_CANT_BOOT_MAPJUMP
7	SYSTEM_PLAYLIMIT_CANT_SLEEP_BED
8	SYSTEM_CANT_DEATH_CHASE
9	SYSTEM_CANT_WARP_CATHLE
10	BUILDING_CHANGE_GARIGARIREI_HOUSE
11	CLEAR_KINGSTORY
12	KINGCHAIR_SITDOWN
13	KINGCHAIR_BOOT_LIQUIDATION
15	SYSTEM_BOOT_TITLEMENU
16	SYSTEM_IS_MII_CHANGE
17	SYSTEM_ROUTE_SEARCH_CREATE
18	SYSTEM_GROUPPLACE_CONTROL
19	SYSTEM_BOSS_STOPPER
20	SYSTEM_DAY_LOG_VIEW_CH02_ONISAN
21	SYSTEM_DAY_01
22	SYSTEM_DAY_02
23	SYSTEM_DAY_03
24	SYSTEM_DAY_04
25	SYSTEM_DAY_05
26	SYSTEM_DAY_06
27	SYSTEM_DAY_07
28	SYSTEM_DAY_08
29	SYSTEM_DAY_09
30	SYSTEM_DAY_10
31	SYSTEM_DAY_11
32	SYSTEM_DAY_12
33	SYSTEM_DAY_13
34	SYSTEM_DAY_14
35	SYSTEM_DAY_15
36	SYSTEM_DAY_16
37	SYSTEM_DAY_17
38	SYSTEM_DAY_18
39	SYSTEM_DAY_19
40	NPCTALK_ONCE_C2_GYUKOTSU_DEFEAT_AFTER
41	NPCTALK_ONCE_C2_CHURCH_BUILD_AFTER
69	NPCTALK_ONCE_END
70	HOLDING_COW_FESTIVAL
71	HOLDING_ONI_FESTIVAL
72	HOLDING_ONIKING_FESTIVAL
73	HOLDING_DRUNKARD_FESTIVAL
74	HOLDING_STRAWBERRY_FESTIVAL
75	HOLDING_EGG_FESTIVAL
76	HOLDING_TV_FESTIVAL
77	HOLDING_ERUPTION_FESTIVAL
78	HOLDING_GARBAGE_FESTIVAL
79	HOLDING_FESTIVAL
95	ENABLE_DEVLOPAREA_01
96	ENABLE_DEVLOPAREA_02
97	ENABLE_DEVLOPAREA_03
98	ENABLE_DEVLOPAREA_04
120	DECISION_MAJORITY_FIRSTBOOT
121	DECISION_MAJORITY_FIRSTBOOT_GARIGARI
122	DECISION_MAJORITY_FIRSTBOOT_KOTUTON
123	SB01_EVT_013_VIEW
124	SB01_EVT_014_VIEW
125	SB08_EVT_010_VIEW
126	SB08_EVT_009_VIEW
127	SB08_EVT_005_VIEW
128	CASTLE_PICTURE_OFF
129	CAN_TAX
130	COLLECTION_HUMMING_SONG_000
131	COLLECTION_HUMMING_SONG_001
132	COLLECTION_HUMMING_SONG_002
133	COLLECTION_HUMMING_SONG_003
134	COLLECTION_HUMMING_SONG_004
135	COLLECTION_HUMMING_SONG_005
136	COLLECTION_HUMMING_SONG_006
137	COLLECTION_HUMMING_SONG_007
138	COLLECTION_HUMMING_SONG_008
139	COLLECTION_HUMMING_SONG_009
140	COLLECTION_HUMMING_SONG_010
141	COLLECTION_HUMMING_SONG_011
142	COLLECTION_HUMMING_SONG_012
143	COLLECTION_HUMMING_SONG_013
144	COLLECTION_HUMMING_SONG_014
145	COLLECTION_HUMMING_SONG_015
146	COLLECTION_HUMMING_SONG_016
147	COLLECTION_HUMMING_SONG_017
148	COLLECTION_HUMMING_SONG_018
149	COLLECTION_HUMMING_SONG_019
150	COLLECTION_HUMMING_SONG_020
151	COLLECTION_HUMMING_SONG_021
152	COLLECTION_HUMMING_SONG_022
153	COLLECTION_HUMMING_SONG_023
154	COLLECTION_HUMMING_SONG_024
155	COLLECTION_HUMMING_SONG_025
156	COLLECTION_HUMMING_SONG_026
157	COLLECTION_HUMMING_SONG_027
158	COLLECTION_HUMMING_SONG_028
182	FIGHTING_NUSHI
183	FIGHTING_BOSS
184	GET_SWIMMING_POOL
185	GET_WHO_IS_GREATEST
186	CASTLE_LEVEL_1_FOR_LEVEL_DESIGN
187	CASTLE_LEVEL_2_FOR_LEVEL_DESIGN
188	CASTLE_LEVEL_3_FOR_LEVEL_DESIGN
189	IS_WATCH_THE_CAMEL_OF_LOVE_AND_PASSION
190	PLATFORM_LIGHT_DISABLE
191	NOW_CONTINUE
192	CANCEL_LIFE_SIMULATION_OBJECT_ADJUST
193	NOW_EVENT_MAP_JUMP
194	HELL_MODE
195	EVENT_SND_EX
196	NOW_FLYING_MACHINE
200	INITIAL_TALK_KID
201	INITIAL_TALK_ADULT
202	INITIAL_TALK_SOLDIER
203	INITIAL_TALK_SUPERIOR_SOLDIER
204	INITIAL_TALK_BODYGUARD
205	INITIAL_TALK_HUNTER
206	INITIAL_TALK_WIZARD
207	INITIAL_TALK_DEFOREST
208	INITIAL_TALK_FARMHOUSE
209	INITIAL_TALK_MINEWORKER
210	INITIAL_TALK_CARPENTRY
211	INITIAL_TALK_MEGA_CARPENTRY
212	INITIAL_TALK_GIGA_CARPENTRY
213	INITIAL_TALK_MERCHANT
214	INITIAL_TALK_COOK
215	INITIAL_TALK_DOCTOR
216	INITIAL_TALK_OMELET_SOLDIER
217	INITIAL_TALK_LUNCH_SOLDIER
218	INITIAL_TALK_SAUVAGE_SOLDIER
219	INITIAL_TALK_CHAMPLN_SOLDIER
220	NOWTALK_HUMMING_NOT_COLLECTION
221	NOWTALK_HUMMING_ALREADY_GET_COLLECTION
222	MARRIED_BY_CHURCH
223	HAVE_SET_ALARM_CLOCK
224	HAVE_TALK_KNIGHT
230	KINGCHAIR_TALK_HAUZER_00
231	KINGCHAIR_TALK_HAUZER_01
232	KINGCHAIR_TALK_HAUZER_02
233	KINGCHAIR_TALK_HAUZER_03
234	KINGCHAIR_TALK_HAUZER_04
235	KINGCHAIR_TALK_HAUZER_05
236	KINGCHAIR_TALK_HAUZER_06
237	KINGCHAIR_TALK_HAUZER_07
238	KINGCHAIR_TALK_HAUZER_08
239	KINGCHAIR_TALK_HAUZER_09
240	KINGCHAIR_TALK_RIAM_00
241	KINGCHAIR_TALK_RIAM_01
242	KINGCHAIR_TALK_RIAM_02
243	KINGCHAIR_TALK_RIAM_03
244	KINGCHAIR_TALK_RIAM_04
245	KINGCHAIR_TALK_RIAM_05
246	KINGCHAIR_TALK_RIAM_06
247	KINGCHAIR_TALK_RIAM_07
248	KINGCHAIR_TALK_RIAM_08
249	KINGCHAIR_TALK_RIAM_09
250	KINGCHAIR_TALK_VERDE_00
251	KINGCHAIR_TALK_VERDE_01
252	KINGCHAIR_TALK_VERDE_02
253	KINGCHAIR_TALK_VERDE_03
254	KINGCHAIR_TALK_VERDE_04
255	KINGCHAIR_TALK_VERDE_05
256	KINGCHAIR_TALK_VERDE_06
257	KINGCHAIR_TALK_VERDE_07
258	KINGCHAIR_TALK_VERDE_08
259	KINGCHAIR_TALK_VERDE_09
300	CHAPTER_01
301	CHAPTER_02
302	CHAPTER_03
303	CHAPTER_04
304	CHAPTER_05
305	CHAPTER_06
306	KATU_IRETA
307	SCARRET_RESCUE
308	SPMORNI_RESCUE
309	SHIZCA_RESCUE
310	COCOMO_RESCUE
311	FELNE_RESCUE
312	MYRTLE_DAISY_RESCUE
313	CH05_EVT_115_FIN
314	AIR_SHIP_COMPLETION
315	GRASSY_PLAIN_VILLAGE_TRAFFIC_IS_POSSIBLE
316	BUILDING_STREET_TRAFFIC_IS_POSSIBLE
317	MAGICIAN_VILLAGE_TRAFFIC_IS_POSSIBLE
318	SHOPPING_DISTRICT_TRAFFIC_IS_POSSIBLE
319	STONE_TOWN_TRAFFIC_IS_POSSIBLE
320	FARM_VILLAGE_TRAFFIC_IS_POSSIBLE
321	GOURMET_TOWN_TRAFFIC_IS_POSSIBLE
322	SOLDIER_TOWN_TRAFFIC_IS_POSSIBLE
323	CELEBRITY_TOWN_TRAFFIC_IS_POSSIBLE
324	INDUSTRIAL_TOWN_TRAFFIC_IS_POSSIBLE
325	MINE_TOWN_TRAFFIC_IS_POSSIBLE
326	CHAPTER2_CATHLETOWN_SOUTH_BEFORE
327	SCENARIO_27
328	NOT_BUILD_CHURCH_YET
329	TOUCH_OMU_EGG_TWICE
330	CHAP2_FINISHED_MOVIE
331	KIDNAP_CHICKEN
332	KIDNAP_RABBIT
333	KIDNAP_COW
334	KIDNAP_CAT
335	IS_RIAM_TUTORIAL
336	SCENARIO_36
337	SCENARIO_37
338	SCENARIO_38
339	SCENARIO_39
340	SCENARIO_40
341	SCENARIO_41
342	SCENARIO_42
343	SCENARIO_43
344	SCENARIO_44
345	SCENARIO_45
346	SCENARIO_46
347	SCENARIO_47
348	SCENARIO_48
349	SCENARIO_49
350	APRICOT_RESCUE
351	CATSLE_MAKING
352	LSCONTROL_MAGICIAN_HOUSE_VISIBLE
353	LSCONTROL_GARIGARI_DESK_LIGHT
354	RELEASE_FLAG_PLAZASTREAT_LV3
355	RELEASE_FLAG_ROYALCITY_STREET_LV2
358	IS_ENCOUNTED_ONIKING
359	IS_ENCOUNTED_DOBUROKU
360	IS_ENCOUNTED_SHISHIKABA
361	IS_ENCOUNTED_OMULET
362	IS_ENCOUNTED_TVLUNCH
363	IS_ENCOUNTED_LONGSOBA
364	IS_ENCOUNTED_JUNBOCHAMPLE
365	IS_ENCOUNTED_MOUSE
366	BOSS_RAT_FIGHTING_NOW
367	RARE_ARMOR_BUY_CURRENT
370	COCKPIT_LOG_FIRSTTIME_OUTDOOR
371	COCKPIT_LOG_FIRSTTIME_TRY_SCOUT
372	COCKPIT_LOG_NEXTTIME_TRY_SCOUT
373	COCKPIT_LOG_FIRSTTIME_SCOUT_SUCCESS
374	COCKPIT_LOG_FIRSTTIME_TRY_PUSHNPC
375	COCKPIT_LOG_NEXTTIME_TRY_PUSHNPC
376	COCKPIT_LOG_FIRSTTIME_SUCCESS_PUSHNPC
377	COCKPIT_LOG_ITEMGET_1
378	COCKPIT_LOG_ITEMGET_2
379	COCKPIT_LOG_ITEMGET_3
380	COCKPIT_LOG_ITEMGET_3_AFTER
381	COCKPIT_LOG_FIRSTTIME_NIGHT
382	COCKPIT_LOG_FIRSTTIME_TRY_JOBCHANGE
383	COCKPIT_LOG_FIRSTTIME_JOBCHANGE
384	COCKPIT_LOG_FIRSTTIME_FAIL_TREEMISSION
385	COCKPIT_LOG_FIRSTTIME_CONFIRM_MENU
386	COCKPIT_LOG_FIRSTTIME_APPEAR_MONSTER
387	COCKPIT_LOG_FIRSTTIME_VICTORY_MONSTER
388	COCKPIT_LOG_FIRSTTIME_DAMAGENPC
389	COCKPIT_LOG_FIRSTTIME_DEADNPC
390	COCKPIT_LOG_NEXTTIME_ITEMGET_3_AFTER
391	COCKPIT_LOG_FLYINGMACHINE_COMPLETE
392	COCKPIT_LOG_FLYINGMACHINE_COMPLETE_DAY
470	SYSTEMFLAG_PRECIOUS_SPOT_BOOK_LAST
471	SYSTEMFLAG_PRECIOUS_MONSTER_BOOK_LAST
472	SYSTEMFLAG_PRECIOUS_GRUMET_LAST
473	SYSTEMFLAG_PRECIOUS_ANIMAL_LAST
474	SYSTEMFLAG_PRECIOUS_HUMMING_LAST
475	SYSTEMFLAG_PRECIOUS_JEWEL_LAST
476	SYSTEMFLAG_PRECIOUS_RECORD_LAST
480	SYSTEMFLAG_PRECIOUS_SPOT_BOOK
481	SYSTEMFLAG_PRECIOUS_MONSTER_BOOK
482	SYSTEMFLAG_PRECIOUS_GRUMET
483	SYSTEMFLAG_PRECIOUS_ANIMAL
484	SYSTEMFLAG_PRECIOUS_HUMMING
485	SYSTEMFLAG_PRECIOUS_JEWEL
486	SYSTEMFLAG_PRECIOUS_RECORD
487	SYSTEMFLAG_PRECIOUS_MOVIE
488	SYSTEMFLAG_PRECIOUS_PUBLICART
489	SYSTEMFLAG_PRECIOUS_LETTER_ONIKIN
490	SYSTEMFLAG_PRECIOUS_LETTER_DOBUROKU
491	SYSTEMFLAG_PRECIOUS_LETTER_SISIKABA
492	SYSTEMFLAG_PRECIOUS_LETTER_OMURETTO
493	SYSTEMFLAG_PRECIOUS_LETTER_TVLANCH
494	SYSTEMFLAG_PRECIOUS_LETTER_LONGSOBA
495	SYSTEMFLAG_PRECIOUS_LETTER_JUMBOTYA
496	SYSTEMFLAG_PRECIOUS_LETTER_GOD
500	SYSTEMFLAG_FLYINGMACINE_PLAN
501	SYSTEMFLAG_FLYINGMACINE_OMEGAHON
502	SYSTEMFLAG_FLYINGMACINE_DRINK
503	SYSTEMFLAG_FLYINGMACINE_REFRIGERATER
504	SYSTEMFLAG_FLYINGMACINE_EGGSHELL
505	SYSTEMFLAG_FLYINGMACINE_TV
506	SYSTEMFLAG_FLYINGMACINE_BEARD
507	SYSTEMFLAG_FLYINGMACINE_PROPELLER
511	SYSTEMFLAG_HUMMING_0
512	SYSTEMFLAG_JEWEL_0
513	SYSTEMFLAG_MOVIE_0
514	SYSTEMFLAG_PHOTO_0
515	SYSTEMFLAG_OUPARTS_0
516	SYSTEMFLAG_PUBLICART_0
519	SYSTEMFLAG_KINGDOMPLAN_FLOWER
520	SYSTEMFLAG_KINGDOMPLAN_QUEST
521	SYSTEMFLAG_KINGDOMPLAN_PLATFORM
522	SYSTEMFLAG_KINGDOMPLAN_NEW_PLATFORM
523	SYSTEMFLAG_KINGDOMPLAN_FORMATION_GUARD
524	SYSTEMFLAG_KINGDOMPLAN_FORMATION_AVOID
525	SYSTEMFLAG_KINGDOMPLAN_COCK
526	SYSTEMFLAG_KINGDOMPLAN_QPLAN
527	SYSTEMFLAG_KINGDOMPLAN_MOVIE_VERUDE
528	SYSTEMFLAG_KINGDOMPLAN_WEAPON
529	SYSTEMFLAG_KINGDOMPLAN_ARMOR
530	SYSTEMFLAG_KINGDOMPLAN_GREAT_WEAPON
531	SYSTEMFLAG_KINGDOMPLAN_GREAT_ARMOR
532	SYSTEMFLAG_KINGDOMPLAN_JUMP
533	CNT_SCHOOL_CONTRIBUTE_LV1
534	CNT_SCHOOL_CONTRIBUTE_LV2
535	CNT_SCHOOL_CONTRIBUTE_LV3
536	CNT_SCHOOL_CONTRIBUTE_LV4
537	CNT_SCHOOL_CONTRIBUTE_LV5
538	CNT_SCHOOL_CONTRIBUTE_LV6
539	CNT_SCHOOL_CONTRIBUTE_LV7
540	CNT_SCHOOL_CONTRIBUTE_LV8
541	CNT_SCHOOL_CONTRIBUTE_LV9
542	SYSTEMFLAG_KINGDOMPLAN_RAREARMOR
543	SYSTEMFLAG_KINGDOMPLAN_MEZU_ARMOR
544	SYSTEMFLAG_KINGDOMPLAN_CLOCK
545	SYSTEMFLAG_KINGDOMPLAN_BADGE3
546	SYSTEMFLAG_KINGDOMPLAN_BADGE4
547	SYSTEMFLAG_KINGDOMPLAN_BADGE5
548	SYSTEMFLAG_KINGDOMPLAN_BADGE6
549	SYSTEMFLAG_KINGDOMPLAN_BADGE7
550	SYSTEMFLAG_EXPLANATION_0
551	SYSTEMFLAG_EXPLANATION_1
552	SYSTEMFLAG_EXPLANATION_2
553	SYSTEMFLAG_EXPLANATION_3
554	SYSTEMFLAG_EXPLANATION_4
555	SYSTEMFLAG_EXPLANATION_5
556	SYSTEMFLAG_EXPLANATION_6
557	SYSTEMFLAG_EXPLANATION_7
558	SYSTEMFLAG_EXPLANATION_8
559	SYSTEMFLAG_EXPLANATION_9
560	SYSTEMFLAG_EXPLANATION_10
561	SYSTEMFLAG_EXPLANATION_11
562	SYSTEMFLAG_EXPLANATION_12
563	SYSTEMFLAG_EXPLANATION_13
564	SYSTEMFLAG_EXPLANATION_14
565	SYSTEMFLAG_EXPLANATION_15
566	SYSTEMFLAG_EXPLANATION_16
567	SYSTEMFLAG_EXPLANATION_17
568	SYSTEMFLAG_EXPLANATION_18
569	SYSTEMFLAG_EXPLANATION_19
570	SYSTEMFLAG_JOB_EXPLANATION_0
571	SYSTEMFLAG_JOB_EXPLANATION_1
572	SYSTEMFLAG_JOB_EXPLANATION_2
573	SYSTEMFLAG_JOB_EXPLANATION_3
574	SYSTEMFLAG_JOB_EXPLANATION_4
575	SYSTEMFLAG_JOB_EXPLANATION_5
576	SYSTEMFLAG_JOB_EXPLANATION_6
577	SYSTEMFLAG_JOB_EXPLANATION_7
578	SYSTEMFLAG_JOB_EXPLANATION_8
579	SYSTEMFLAG_JOB_EXPLANATION_9
580	SYSTEMFLAG_JOB_EXPLANATION_10
581	SYSTEMFLAG_JOB_EXPLANATION_11
582	SYSTEMFLAG_JOB_EXPLANATION_12
583	SYSTEMFLAG_JOB_EXPLANATION_13
584	SYSTEMFLAG_JOB_EXPLANATION_14
585	SYSTEMFLAG_JOB_EXPLANATION_15
586	SYSTEMFLAG_JOB_EXPLANATION_16
587	SYSTEMFLAG_JOB_EXPLANATION_17
588	SYSTEMFLAG_JOB_EXPLANATION_18
589	SYSTEMFLAG_JOB_EXPLANATION_19
590	SYSTEMFLAG_KINGDOMPLAN_REINFORCE1
591	SYSTEMFLAG_KINGDOMPLAN_REINFORCE2
592	SYSTEMFLAG_KINGDOMPLAN_REINFORCE3
593	SYSTEMFLAG_KINGDOMPLAN_REINFORCE4
594	SYSTEMFLAG_KINGDOMPLAN_REINFORCE5
595	SYSTEMFLAG_KINGDOMPLAN_REINFORCE6
596	SYSTEMFLAG_KINGDOMPLAN_REINFORCE7
597	SYSTEMFLAG_KINGDOMPLAN_REINFORCE8
598	SYSTEMFLAG_KINGDOMPLAN_REINFORCE9
599	SYSTEMFLAG_KINGDOMPLAN_REINFORCE10
600	SYSTEMFLAG_DEVELOP_NEWSLOG_000
601	SYSTEMFLAG_DEVELOP_NEWSLOG_001
602	SYSTEMFLAG_DEVELOP_NEWSLOG_002
603	SYSTEMFLAG_DEVELOP_NEWSLOG_003
604	SYSTEMFLAG_DEVELOP_NEWSLOG_004
605	SYSTEMFLAG_DEVELOP_NEWSLOG_005
606	SYSTEMFLAG_DEVELOP_NEWSLOG_006
607	SYSTEMFLAG_DEVELOP_NEWSLOG_007
608	SYSTEMFLAG_DEVELOP_NEWSLOG_008
609	SYSTEMFLAG_DEVELOP_NEWSLOG_009
610	SYSTEMFLAG_DEVELOP_NEWSLOG_010
611	SYSTEMFLAG_DEVELOP_NEWSLOG_011
612	SYSTEMFLAG_DEVELOP_NEWSLOG_012
613	SYSTEMFLAG_DEVELOP_NEWSLOG_013
614	SYSTEMFLAG_DEVELOP_NEWSLOG_014
615	SYSTEMFLAG_DEVELOP_NEWSLOG_015
616	SYSTEMFLAG_DEVELOP_NEWSLOG_016
617	SYSTEMFLAG_DEVELOP_NEWSLOG_017
618	SYSTEMFLAG_DEVELOP_NEWSLOG_018
619	SYSTEMFLAG_DEVELOP_NEWSLOG_019
620	SYSTEMFLAG_DEVELOP_NEWSLOG_020
621	SYSTEMFLAG_DEVELOP_NEWSLOG_021
622	SYSTEMFLAG_DEVELOP_NEWSLOG_022
623	SYSTEMFLAG_DEVELOP_NEWSLOG_023
624	SYSTEMFLAG_DEVELOP_NEWSLOG_024
625	SYSTEMFLAG_DEVELOP_NEWSLOG_025
626	SYSTEMFLAG_DEVELOP_NEWSLOG_026
627	SYSTEMFLAG_DEVELOP_NEWSLOG_027
628	SYSTEMFLAG_DEVELOP_NEWSLOG_028
629	SYSTEMFLAG_DEVELOP_NEWSLOG_029
630	SYSTEMFLAG_DEVELOP_NEWSLOG_030
631	SYSTEMFLAG_DEVELOP_NEWSLOG_031
632	SYSTEMFLAG_DEVELOP_NEWSLOG_032
633	SYSTEMFLAG_DEVELOP_NEWSLOG_033
634	SYSTEMFLAG_DEVELOP_NEWSLOG_034
635	SYSTEMFLAG_DEVELOP_NEWSLOG_035
636	SYSTEMFLAG_DEVELOP_NEWSLOG_036
637	SYSTEMFLAG_DEVELOP_NEWSLOG_037
638	SYSTEMFLAG_DEVELOP_NEWSLOG_038
639	SYSTEMFLAG_DEVELOP_NEWSLOG_039
640	SYSTEMFLAG_DEVELOP_NEWSLOG_040
641	SYSTEMFLAG_DEVELOP_NEWSLOG_041
642	SYSTEMFLAG_DEVELOP_NEWSLOG_042
643	SYSTEMFLAG_DEVELOP_NEWSLOG_043
644	SYSTEMFLAG_DEVELOP_NEWSLOG_044
645	SYSTEMFLAG_DEVELOP_NEWSLOG_045
646	SYSTEMFLAG_DEVELOP_NEWSLOG_046
647	SYSTEMFLAG_DEVELOP_NEWSLOG_047
648	SYSTEMFLAG_DEVELOP_NEWSLOG_048
649	SYSTEMFLAG_DEVELOP_NEWSLOG_049
650	SYSTEMFLAG_AREA_DEVELOP_NEWSLOG_00
651	SYSTEMFLAG_AREA_DEVELOP_NEWSLOG_01
652	SYSTEMFLAG_AREA_DEVELOP_NEWSLOG_02
653	SYSTEMFLAG_AREA_DEVELOP_NEWSLOG_03
654	SYSTEMFLAG_AREA_DEVELOP_NEWSLOG_04
655	SYSTEMFLAG_AREA_DEVELOP_NEWSLOG_05
656	SYSTEMFLAG_AREA_DEVELOP_NEWSLOG_06
657	SYSTEMFLAG_AREA_DEVELOP_NEWSLOG_07
658	SYSTEMFLAG_AREA_DEVELOP_NEWSLOG_08
659	SYSTEMFLAG_AREA_DEVELOP_NEWSLOG_09
660	SYSTEMFLAG_IMMIGRATION_NEWSLOG_00
661	SYSTEMFLAG_IMMIGRATION_NEWSLOG_01
662	SYSTEMFLAG_IMMIGRATION_NEWSLOG_02
663	SYSTEMFLAG_IMMIGRATION_NEWSLOG_03
683	SYSTEMFLAG_DEVELOP_NEWSLOG_083
684	SYSTEMFLAG_DEVELOP_NEWSLOG_084
685	SYSTEMFLAG_DEVELOP_NEWSLOG_085
686	SYSTEMFLAG_DEVELOP_NEWSLOG_086
687	SYSTEMFLAG_DEVELOP_NEWSLOG_087
688	SYSTEMFLAG_DEVELOP_NEWSLOG_088
689	SYSTEMFLAG_DEVELOP_NEWSLOG_089
690	SYSTEMFLAG_DEVELOP_NEWSLOG_090
691	SYSTEMFLAG_DEVELOP_NEWSLOG_091
692	SYSTEMFLAG_DEVELOP_NEWSLOG_092
693	SYSTEMFLAG_DEVELOP_NEWSLOG_093
694	SYSTEMFLAG_DEVELOP_NEWSLOG_094
695	SYSTEMFLAG_DEVELOP_NEWSLOG_095
696	SYSTEMFLAG_DEVELOP_NEWSLOG_096
697	SYSTEMFLAG_DEVELOP_NEWSLOG_097
698	SYSTEMFLAG_DEVELOP_NEWSLOG_098
699	SYSTEMFLAG_DEVELOP_NEWSLOG_099
700	SYSTEMFLAG_MUSIC_BGM_MENU00
701	SYSTEMFLAG_MUSIC_BGM_MENU01
702	SYSTEMFLAG_MUSIC_BGM_MENU02
703	SYSTEMFLAG_MUSIC_BGM_MENU03
704	SYSTEMFLAG_MUSIC_BGM_EVNT00
705	SYSTEMFLAG_MUSIC_BGM_EVNT01
706	SYSTEMFLAG_MUSIC_BGM_EVNT02
707	SYSTEMFLAG_MUSIC_BGM_EVNT03
708	SYSTEMFLAG_MUSIC_BGM_EVNT04
709	SYSTEMFLAG_MUSIC_BGM_EVNT05
710	SYSTEMFLAG_MUSIC_BGM_EVNT06
711	SYSTEMFLAG_MUSIC_BGM_EVNT07
712	SYSTEMFLAG_MUSIC_BGM_EVNT08
713	SYSTEMFLAG_MUSIC_BGM_EVNT09
714	SYSTEMFLAG_MUSIC_BGM_EVNT10
715	SYSTEMFLAG_MUSIC_BGM_EVNT11
716	SYSTEMFLAG_MUSIC_BGM_BATL00
717	SYSTEMFLAG_MUSIC_BGM_BATL01
718	SYSTEMFLAG_MUSIC_BGM_BATL02
719	SYSTEMFLAG_MUSIC_BGM_BATL03
720	SYSTEMFLAG_MUSIC_BGM_BATL04
721	SYSTEMFLAG_MUSIC_BGM_BATL05
722	SYSTEMFLAG_MUSIC_BGM_BATL06
723	SYSTEMFLAG_MUSIC_BGM_BATL07
724	SYSTEMFLAG_MUSIC_BGM_BATL08
725	SYSTEMFLAG_MUSIC_BGM_AREA00
726	SYSTEMFLAG_MUSIC_BGM_AREA01
727	SYSTEMFLAG_MUSIC_BGM_AREA02
728	SYSTEMFLAG_MUSIC_BGM_AREA03
729	SYSTEMFLAG_MUSIC_BGM_AREA04
730	SYSTEMFLAG_MUSIC_BGM_AREA05
731	SYSTEMFLAG_MUSIC_BGM_AREA06
732	SYSTEMFLAG_MUSIC_BGM_AREA07
733	SYSTEMFLAG_MUSIC_BGM_AREA08
734	SYSTEMFLAG_MUSIC_BGM_AREA09
735	SYSTEMFLAG_MUSIC_BGM_AREA10
736	SYSTEMFLAG_MUSIC_BGM_AREA11
737	SYSTEMFLAG_MUSIC_BGM_AREA12
738	SYSTEMFLAG_MUSIC_BGM_AREA13
739	SYSTEMFLAG_MUSIC_BGM_AREA14
740	SYSTEMFLAG_MUSIC_BGM_AREA15
741	SYSTEMFLAG_MUSIC_JIN_00
742	SYSTEMFLAG_MUSIC_JIN_01
743	SYSTEMFLAG_MUSIC_JIN_02
744	SYSTEMFLAG_MUSIC_JIN_03
745	SYSTEMFLAG_MUSIC_JIN_04
746	SYSTEMFLAG_MUSIC_JIN_05
747	SYSTEMFLAG_MUSIC_JIN_06
748	SYSTEMFLAG_MUSIC_JIN_07
749	SYSTEMFLAG_MUSIC_JIN_08
750	SYSTEMFLAG_MUSIC_JIN_09
751	SYSTEMFLAG_MUSIC_JIN_10
752	SYSTEMFLAG_MUSIC_JIN_11
753	SYSTEMFLAG_MUSIC_JIN_12
754	SYSTEMFLAG_MUSIC_JIN_13
780	REACT_REACTION_TYOSHU_A
781	REACT_REACTION_TYOSHU_B
782	REACT_REACTION_TYOSHU_C
783	REACT_REACTION_TYOSHU_D
784	REACT_REACTION_TYOSHU_E
785	REACT_REACTION_TYOSHU_F
786	REACT_REACTION_TYOSHU_G
787	REACT_REACTION_TYOSHU_H
788	REACT_REACTION_TYOSHU_I
789	REACT_REACTION_TYOSHU_J
790	REACT_REACTION_TYOSHU_K
791	REACT_REACTION_TYOSHU_L
792	REACT_REACTION_TYOSHU_M
793	REACT_REACTION_TYOSHU_N
794	REACT_REACTION_TYOSHU_O
799	FIELD_MENU_DISPLAY_OFF_QUEST
800	FIELD_MENU_DISPLAY_OFF_ITEM
801	FIELD_MENU_DISPLAY_OFF_TEAM
802	FIELD_MENU_DISPLAY_OFF_MAP
803	FIELD_MENU_DISPLAY_OFF_STATUS
804	KINGCHAIR_MENU_DISPLAY_OFF_HAUZER
805	KINGCHAIR_MENU_DISPLAY_OFF_VERDE
806	KINGCHAIR_MENU_DISPLAY_OFF_RIAM
807	KINGCHAIR_MENU_DISPLAY_OFF_END
808	HAUZER_MENU_DISPLAY_OFF_MEYASUBAKO
809	HAUZER_MENU_DISPLAY_OFF_KINGDOM_PLAN
810	HAUZER_MENU_DISPLAY_OFF_MII
811	HAUZER_MENU_DISPLAY_OFF_END
812	VERDE_MENU_DISPLAY_OFF_SAVE
813	VERDE_MENU_DISPLAY_OFF_KINGDOM_INFO
814	VERDE_MENU_DISPLAY_OFF_MOVIE
815	VERDE_MENU_DISPLAY_OFF_END
816	RIAM_MENU_DISPLAY_OFF_MISSION_MANUAL
817	RIAM_MENU_DISPLAY_OFF_GUARDIAN
818	RIAM_MENU_DISPLAY_OFF_TREASURE
819	RIAM_MENU_DISPLAY_OFF_END
840	AREA_DEVELOPED_CATHLETOWN_SOUTH
841	AREA_DEVELOPED_VILLAGE
842	AREA_DEVELOPED_GRASSY_TOWN
843	AREA_DEVELOPED_STONE_TOWN
844	AREA_DEVELOPED_KING_CITY
845	AREA_DEVELOPED_MAGICAL_LAND
846	AREA_DEVELOPED_GLUME_TOWN
847	AREA_DEVELOPED_SOLDIER_TOWN
848	AREA_DEVELOPED_CELEB_TOWN
849	AREA_DEVELOPED_MINE_TOWN
850	GUIDMAP_LV1_CLOUD_00_OFF
851	GUIDMAP_LV1_CLOUD_01_OFF
852	GUIDMAP_LV2_CLOUD_00_OFF
853	GUIDMAP_LV2_CLOUD_01_OFF
854	GUIDMAP_LV2_CLOUD_02_OFF
855	GUIDMAP_LV3_CLOUD_00OFF
856	GUIDMAP_LV3_CLOUD_01OFF
857	GUIDMAP_LV3_CLOUD_02OFF
858	GUIDMAP_LV3_CLOUD_03OFF
859	GUIDMAP_LV3_CLOUD_04OFF
860	GUIDMAP_LV3_CLOUD_05OFF
861	GUIDMAP_LV3_CLOUD_06OFF
862	GUIDMAP_LV3_CLOUD_07OFF
863	GUIDMAP_LV3_CLOUD_08OFF
864	GUIDMAP_LV3_CLOUD_09OFF
865	GUIDMAP_LV3_CLOUD_10OFF
866	GUIDMAP_LV3_CLOUD_11OFF
867	GUIDMAP_LV3_CLOUD_12OFF
868	GUIDMAP_LV3_CLOUD_13OFF
869	GUIDMAP_LV3_CLOUD_14OFF
870	GUIDMAP_LV3_CLOUD_15OFF
871	GUIDMAP_LV3_CLOUD_16OFF
872	GUIDMAP_LV3_CLOUD_17OFF
873	GUIDMAP_LV3_CLOUD_18OFF
874	GUIDMAP_LV3_CLOUD_19OFF
875	GUIDMAP_LV3_CLOUD_20OFF
876	GUIDMAP_LV3_CLOUD_21OFF
877	GUIDMAP_LV3_CLOUD_22OFF
878	GUIDMAP_LV3_CLOUD_23OFF
879	GUIDMAP_LV3_CLOUD_24OFF
880	GUIDMAP_LV3_CLOUD_25OFF
881	GUIDMAP_LV3_CLOUD_26OFF
882	GUIDMAP_LV3_CLOUD_27OFF
883	GUIDMAP_LV3_CLOUD_28OFF
884	GUIDMAP_LV3_CLOUD_29OFF
885	GUIDMAP_LV3_CLOUD_30OFF
886	GUIDMAP_LV3_CLOUD_31OFF
887	GUIDMAP_LV3_CLOUD_32OFF
888	GUIDMAP_LV3_CLOUD_33OFF
889	GUIDMAP_LV3_CLOUD_34OFF
890	GUIDMAP_LV3_CLOUD_35OFF
891	GUIDMAP_LV3_CLOUD_36OFF
892	GUIDMAP_LV3_CLOUD_37OFF
893	GUIDMAP_LV3_CLOUD_38OFF
900	SYSTEMFLAG_EXE_DEVELOPPLAN_000
901	SYSTEMFLAG_EXE_DEVELOPPLAN_001
902	SYSTEMFLAG_EXE_DEVELOPPLAN_002
903	SYSTEMFLAG_EXE_DEVELOPPLAN_003
904	SYSTEMFLAG_EXE_DEVELOPPLAN_004
905	SYSTEMFLAG_EXE_DEVELOPPLAN_005
906	SYSTEMFLAG_EXE_DEVELOPPLAN_006
907	SYSTEMFLAG_EXE_DEVELOPPLAN_007
908	SYSTEMFLAG_EXE_DEVELOPPLAN_008
909	SYSTEMFLAG_EXE_DEVELOPPLAN_009
910	SYSTEMFLAG_EXE_DEVELOPPLAN_010
911	SYSTEMFLAG_EXE_DEVELOPPLAN_011
912	SYSTEMFLAG_EXE_DEVELOPPLAN_012
913	SYSTEMFLAG_EXE_DEVELOPPLAN_013
914	SYSTEMFLAG_EXE_DEVELOPPLAN_014
915	SYSTEMFLAG_EXE_DEVELOPPLAN_015
916	SYSTEMFLAG_EXE_DEVELOPPLAN_016
917	SYSTEMFLAG_EXE_DEVELOPPLAN_017
918	SYSTEMFLAG_EXE_DEVELOPPLAN_018
919	SYSTEMFLAG_EXE_DEVELOPPLAN_019
920	SYSTEMFLAG_EXE_DEVELOPPLAN_020
921	SYSTEMFLAG_EXE_DEVELOPPLAN_021
922	SYSTEMFLAG_EXE_DEVELOPPLAN_022
923	SYSTEMFLAG_EXE_DEVELOPPLAN_023
924	SYSTEMFLAG_EXE_DEVELOPPLAN_024
925	SYSTEMFLAG_EXE_DEVELOPPLAN_025
926	SYSTEMFLAG_EXE_DEVELOPPLAN_026
927	SYSTEMFLAG_EXE_DEVELOPPLAN_027
928	SYSTEMFLAG_EXE_DEVELOPPLAN_028
929	SYSTEMFLAG_EXE_DEVELOPPLAN_029
930	SYSTEMFLAG_EXE_DEVELOPPLAN_030
931	SYSTEMFLAG_EXE_DEVELOPPLAN_031
932	SYSTEMFLAG_EXE_DEVELOPPLAN_032
933	SYSTEMFLAG_EXE_DEVELOPPLAN_033
934	SYSTEMFLAG_EXE_DEVELOPPLAN_034
935	SYSTEMFLAG_EXE_DEVELOPPLAN_035
936	SYSTEMFLAG_EXE_DEVELOPPLAN_036
937	SYSTEMFLAG_EXE_DEVELOPPLAN_037
938	SYSTEMFLAG_EXE_DEVELOPPLAN_038
939	SYSTEMFLAG_EXE_DEVELOPPLAN_039
940	SYSTEMFLAG_EXE_DEVELOPPLAN_040
941	SYSTEMFLAG_EXE_DEVELOPPLAN_041
942	SYSTEMFLAG_EXE_DEVELOPPLAN_042
943	SYSTEMFLAG_EXE_DEVELOPPLAN_043
944	SYSTEMFLAG_EXE_DEVELOPPLAN_044
945	SYSTEMFLAG_EXE_DEVELOPPLAN_045
946	SYSTEMFLAG_EXE_DEVELOPPLAN_046
947	SYSTEMFLAG_EXE_DEVELOPPLAN_047
948	SYSTEMFLAG_EXE_DEVELOPPLAN_048
949	SYSTEMFLAG_EXE_DEVELOPPLAN_049
970	BOSS_ITEM_DROP_TIMING_ONIKING
971	BOSS_ITEM_DROP_TIMING_DOBU
972	BOSS_ITEM_DROP_TIMING_SHISHIKABA
973	BOSS_ITEM_DROP_TIMING_OMULET
974	BOSS_ITEM_DROP_TIMING_TVLUNCH
975	BOSS_ITEM_DROP_TIMING_LONSOBA
976	BOSS_ITEM_DROP_TIMING_CHANPURUN
977	BOSS_ITEM_DROP_TIMING_ONI_SAN
991	SYSTEMFLAG_EXE_DEVELOPPLAN_091
992	SYSTEMFLAG_EXE_DEVELOPPLAN_092
993	SYSTEMFLAG_EXE_DEVELOPPLAN_093
994	SYSTEMFLAG_EXE_DEVELOPPLAN_094
995	SYSTEMFLAG_EXE_DEVELOPPLAN_095
996	SYSTEMFLAG_EXE_DEVELOPPLAN_096
997	SYSTEMFLAG_EXE_DEVELOPPLAN_097
998	SYSTEMFLAG_EXE_DEVELOPPLAN_098
999	SYSTEMFLAG_EXE_DEVELOPPLAN_099
1004	AREA_DEVELOPMENT_STONE_AND_SOLDIER
1022	IS_CHECK_MENU_STRING
1023	IS_SPECIAL_PLAYABLE_MODE
1072	QST_MONSTER_START
1073	QST_MONSTER_8120_01
1074	QST_MONSTER_8122_01
1075	QST_MONSTER_8123_01
1076	QST_MONSTER_8124_01
1077	QST_MONSTER_8125_01
1078	QST_MONSTER_8126_01
1079	QST_MONSTER_8127_01
1080	QST_MONSTER_8128_01
1081	QST_MONSTER_8129_01
1082	QST_MONSTER_8203_01
1083	QST_MONSTER_8205_01
1084	QST_MONSTER_8205_02
1085	QST_MONSTER_8205_03
1086	QST_MONSTER_8205_04
1087	QST_MONSTER_8502_01
1088	QST_MONSTER_8502_02
1089	QST_MONSTER_8502_03
1090	QST_MONSTER_8502_04
1091	QST_MONSTER_8505_01
1092	QST_MONSTER_8505_02
1093	QST_MONSTER_8505_03
1094	QST_MONSTER_8505_04
1095	QST_MONSTER_8506_01
1096	QST_MONSTER_8507_01
1097	QST_MONSTER_8507_02
1098	QST_MONSTER_8507_03
1099	QST_MONSTER_8507_04
1100	QST_MONSTER_8507_05
1101	QST_MONSTER_8507_06
1102	QST_MONSTER_8507_07
1103	QST_MONSTER_8507_08
1104	QST_MONSTER_8508_01
1105	QST_MONSTER_8508_02
1106	QST_MONSTER_8508_03
1107	QST_MONSTER_8508_04
1108	QST_MONSTER_8508_05
1109	QST_MONSTER_8508_06
1110	QST_MONSTER_8508_07
1111	QST_MONSTER_8509_01
1112	QST_MONSTER_8510_01
1113	QST_MONSTER_8511_01
1114	QST_MONSTER_8517_01
1115	QST_MONSTER_8518_01
1116	QST_MONSTER_8518_02
1117	QST_MONSTER_8519_01
1118	QST_MONSTER_8519_02
1119	QST_MONSTER_8510_02
1120	QST_MONSTER_8511_02
1121	QST_MONSTER_END
1131	CH05_EVT_113_FIN
1132	CH05_EVT_114_FIN
1133	QST_8201
1134	QST_8203
1135	QST_8205
1136	QST_8207
1137	QST_8209
1138	QST_8211
1139	QST_8213
1140	ANIMAL_ADD
1141	QT05_EVT_010_UFO_INVINCIBLE_0
1142	QT05_EVT_010_UFO_INVINCIBLE_1
1143	LETTER_ANIMAL_CHILD_BEAR
1144	PANDA_UFO_SET_PLACE_LIMIT
1146	ANIMAL_RESQUE01
1147	ANIMAL_RESQUE02
1148	ANIMAL_RESQUE03
1149	ANIMAL_RESQUE04
1150	ANIMAL_RESQUE05
1151	ANIMAL_RESQUE06
1152	ANIMAL_RESQUE07
1153	ANIMAL_RESQUE08
1154	ANIMAL_RESQUE09
1155	ANIMAL_RESQUE10
1156	ANIMAL_RESQUE11
1157	ANIMAL_RESQUE12
1158	ANIMAL_RESQUE13
1159	ANIMAL_RESQUE14
1160	ANIMAL_RESQUE15
1162	PRECIOUS_SPOT_BOOK_COMPLETE
1163	PRECIOUS_MONSTER_BOOK_COMPLETE
1164	PRECIOUS_GRUMET_BOOK_COMPLETE
1165	PRECIOUS_ANIMAL_BOOK_COMPLETE
1166	PRECIOUS_HUMMING_BOOK_COMPLETE
1167	PRECIOUS_JEWEL_BOOK_COMPLETE
1168	PRECIOUS_RECORD_BOOK_COMPLETE
1171	IS_PICTURE_EXP
1172	IS_FIRST_BED_IN
1173	OMULET_EGG_SWING_RUN
1175	MEETS_GARIGARI_FIRST
1179	DIVINE_PROTECTION
1180	CHAPTER5_KING_DEFEAT_2OVER4
1181	FROM_EARTHQUAKE_TO_MOUSE_DEFEAT
1183	MEETS_GARIGARI_SECOND
1184	QST_EARTHQUAKE_FORECAST_RUN
1185	FLYING_MACHINE_COMMING_SOON
1186	SB06_EVT_000_BEGIN_START
1187	SB06_EVT_000_FIRST_GIVE_ART
1188	MEETS_JINJYA_FIRST
1189	MURE_ARTS_PRESENT
1190	QT05_EVT_003_EXECUTE_NOW
1191	QT05_EVT_004_EXECUTE_NOW
1192	IS_CLEAR_ATHLETIC
1193	IS_CLEAR_GREAT_ATHLETIC
1194	IS_CLEAR_GREATEST_ATHLETIC
1195	QT02_EVT_013_LOOK_HINT_EVENT
1196	JINJYA_PICTURE_ALL_COMPLETE
1200	QST_RIAM_PAY_CLEAR_8109
1201	QST_RIAM_PAY_CLEAR_8111
1202	QST_RIAM_PAY_CLEAR_8112
1203	QST_RIAM_PAY_CLEAR_8113
1204	QST_RIAM_PAY_CLEAR_8114
1205	QST_VELDE_PAY_CLEAR_8110
1206	QST_VELDE_PAY_CLEAR_8115
1207	QST_VELDE_PAY_CLEAR_8116
1208	QST_VELDE_PAY_CLEAR_8117
1209	QST_VELDE_PAY_CLEAR_8118
1214	QST_BOSS_8122_ACCEPT
1215	QST_BOSS_8123_ACCEPT
1216	QST_BOSS_8124_ACCEPT
1217	QST_BOSS_8125_ACCEPT
1218	QST_BOSS_8126_ACCEPT
1219	QST_BOSS_8127_ACCEPT
1220	QST_BOSS_8128_ACCEPT
1221	QST_BOSS_8129_ACCEPT
1224	QST_BOSS_8122_DEAD
1225	QST_BOSS_8123_DEAD
1226	QST_BOSS_8124_DEAD
1227	QST_BOSS_8125_DEAD
1228	QST_BOSS_8126_DEAD
1229	QST_BOSS_8127_DEAD
1230	QST_BOSS_8128_DEAD
1231	QST_BOSS_8129_DEAD
1232	QST_BOSS_8129_CRISTAL_BREAK
1234	CNT_SCHOOL_CONTRIBUTE_LV1_NEXTDAY
1235	CNT_SCHOOL_CONTRIBUTE_LV2_NEXTDAY
1236	CNT_SCHOOL_CONTRIBUTE_LV3_NEXTDAY
1237	CNT_SCHOOL_CONTRIBUTE_LV4_NEXTDAY
1238	CNT_SCHOOL_CONTRIBUTE_LV5_NEXTDAY
1239	CNT_SCHOOL_CONTRIBUTE_LV6_NEXTDAY
1240	CNT_SCHOOL_CONTRIBUTE_LV7_NEXTDAY
1241	CNT_SCHOOL_CONTRIBUTE_LV8_NEXTDAY
1242	CNT_SCHOOL_CONTRIBUTE_LV9_NEXTDAY
1244	MURE_DEFEATED
1247	QST_PARTS_8520_ACCEPT
1248	QST_PARTS_8521_ACCEPT
1249	QST_PARTS_8522_ACCEPT
1250	QST_PARTS_8523_ACCEPT
1251	QST_PARTS_8524_ACCEPT
1252	QST_PARTS_8525_ACCEPT
1253	QST_PARTS_8526_ACCEPT
1255	KINGDOM_PLAN_JUMP_CANON_DEVELOPABLE
1256	KINGDOM_PLAN_ALARM_CLOCK_DEVELOPABLE
1257	KINGDOM_PLAN_FLOWER_MAN_DEVELOPABLE
1258	KINGDOM_PLAN_RARE_ARMOR_DEVELOPABLE
1259	ALL_BOSS_DEFEAT_TO_FM_COMMING_SOON
1260	FM_COMMING_SOON_TO_FM_COMPLETE
1261	FM_COMPLETE_TO_FLY
1262	KINGDOM_PLAN_SCHOOL_GIVING
1264	NEWSLOG_AREA_DEVELOPED_CATHLETOWN_SOUTH
1265	NEWSLOG_AREA_DEVELOPED_VILLAGE
1266	NEWSLOG_AREA_DEVELOPED_GRASSY_TOWN
1267	NEWSLOG_AREA_DEVELOPED_STONE_TOWN
1268	NEWSLOG_AREA_DEVELOPED_GLUME_TOWN
1269	NEWSLOG_AREA_DEVELOPED_SOLDIER_TOWN
1270	NEWSLOG_AREA_DEVELOPED_CELEB_TOWN
1271	NEWSLOG_AREA_DEVELOPED_KING_CITY
1272	NEWSLOG_AREA_DEVELOPED_MAGICAL_LAND
1273	NEWSLOG_AREA_DEVELOPED_MINE_TOWN
1274	NEWSLOG_ONI_KING_DEFEAT
1275	NEWSLOG_DOBUROKU_DEFEAT
1276	NEWSLOG_SHISHIKABA_DEFEAT
1277	NEWSLOG_OMULET_DEFEAT
1278	NEWSLOG_TV_LUNCH_DEFEAT
1279	NEWSLOG_LONG_SOBA_DEFEAT
1280	NEWSLOG_JUMBO_DEFEAT
1282	WEAPON_DEVELOPMENT
1283	ARMOR_DEVELOPMENT
1284	SUPER_WEAPON_DEVELOPMENT
1285	SUPER_ARMOR_DEVELOPMENT
1287	QST_BOSS_8122_ESCAPE
1288	QST_BOSS_8123_ESCAPE
1289	QST_BOSS_8124_ESCAPE
1290	QST_BOSS_8125_ESCAPE
1291	QST_BOSS_8126_ESCAPE
1292	QST_BOSS_8127_ESCAPE
1293	QST_BOSS_8128_ESCAPE
1294	QST_BOSS_8129_ESCAPE
1296	NOT_DISP_STAIR_TO_FOODBOX
1297	NOT_DISP_STAIR_TO_HIGE
1298	NOT_DISP_KNIGHT_STATUE
1299	TALK_WITH_DROPPED_DOBUROKU
1300	ACCEPT_SHIZUKA_COLLECTION_QUEST_FINAL
1301	LONSOBA_RUNNING_UP_NOW
1304	PICTURE_GRASSY_TOWN
1305	PICTURE_KING_CITY
1306	PICTURE_GLUME_TOWN
1307	PICTURE_SOLDIER_TOWN
1308	PICTURE_CELEB_TOWN
1309	PICTURE_MINE_TOWN
1310	PICTURE_EGG_COUNTRY
1314	QST_RIAM_POSTING_OK_8112
1315	QST_RIAM_POSTING_OK_8113
1316	QST_RIAM_POSTING_OK_8114
1317	QST_RIAM_POSTING_OK_8109
1318	QST_VELDE_POSTING_OK_8116
1319	QST_VELDE_POSTING_OK_8117
1320	QST_VELDE_POSTING_OK_8118
1321	QST_VELDE_POSTING_OK_8110
1323	NUSHI_KAERU_FIGHING_NOW
1324	NUSHI_OBASAN_FIGHTING_NOW
1325	MARUMARINE_AVAILABLE
1326	MARCHANT_ITEM01_AVAILABLE
1327	MARCHANT_ITEM02_AVAILABLE
1328	MARCHANT_ITEM03_AVAILABLE
1329	MARCHANT_ITEM04_AVAILABLE
1330	MARCHANT_ITEM05_AVAILABLE
1484	QUEST_TEST_00
1485	QUEST_TEST_01
1486	QUEST_TEST_02
1487	QUEST_TEST_03
1488	QUEST_TEST_04
1792	CH02_DEAD_ONYSAN
1793	CH02_EVT_004_VIEW
1795	CH02_EVT_007_BOOTTRIGGER
1796	CH02_EVT_003_VIEW
1799	CH02_EVT_014_VIEW
1802	CH02_EVT_004_BOOTTRIGGER
1804	CH02_EVT_012_VIEW
1805	RIAM_TUTORIAL_ONCE_AT_DAY
1806	CH02_EVT_106_BOOT
1815	CH02_EVT_111_FIRSTTALK
1817	CH02_EVT105_BOOT_TRIGGER
1819	CH02_DEAD_GYUKOTSU
1829	CH02_DEAD_GYUKOTSU_NEXT_NEXT_VIEW
1830	CH02_GYUKOTSU_QUEST_POST
1831	CH02_EVT_112_SEKINENN
1832	QT01_EVT_020_GYUKOTSU_ACCEPT
1833	CH02_EVT118_BOOT_TRIGGER
1834	CH02_EVT119_BOOT_TRIGGER
1835	CH02_EVT_010_ONISAN_FIRST
1837	CH02_SECOND_DAY
1838	CH02_EVT_114_IS_BOOT
1839	CH02_EVT_115_IS_BOOT
1841	CH02_EVT_113_IS_BOOT
1842	CH02_EVT_108_IS_BOOT
1843	CH02_EVT_110_IS_BOOT
1844	CH02_SOMETHING_ITEM_GET
1845	CH02_NUSHI_LEGEND_WATCH_ONCE
1846	CH02_GYUKOTSU_AFTER_TALK
2048	CH03_DEAD_ONYKING
2049	CH03_EVT_000_VIEW
2050	CH03_EVT_004_VIEW
2051	CH03_OMEGAPHONE_HOLE
2053	CH03_DEAD_ONYKING_CTRL_ENV_SND
2304	CH04_DEAD_DOBUROKU
2305	CH04_DEAD_SHISHIKABABU
2306	CH04_EVT_000_VIEW
2307	CH04_EVT_110_VIEW
2308	CH04_EVT_210_VIEW
2309	CH04_OROCHI_SAKURA
2310	CH04_TREASUREBOX_DYNAMITE
2311	CH04_TREASUREBOX_ICEBOX
2312	CH04_EVT_207_VIEW
2313	CH04_TUNNEL_GATE_OPEN_DOBU
2314	CH04_TUNNEL_GATE_OPEN_SISI
2315	CH04_DOBUROKU_START
2561	CH05_DEAD_OMULET
2562	CH05_DEAD_LONGSOBAJYU
2563	CH05_DEAD_JUMBO_CHANPLUN
2564	CH05_DEAD_TVLUNCH
2565	CH05_BREAK_WHITE_EGG
2566	CH05_OMULET_AFTER_PLACE_EGG
2567	CH05_TREASUREBOX_HIVISIONTV
2568	CH05_TREASUREBOX_HIGE
2569	CH05_SELECT_HUMAN_SHORTCUT
2571	CH05_EVT_002_BOOTTRIGGER
2572	CH05_EVT_000_VIEW
2573	CH05_EVT_209_VIEW
2574	CH05_PLACE_PROPERA_2_CONTROL
2575	CH05_PLACE_PROPERA_CONTROL
2577	CH05_FLYING_MACHINE_LV2
2578	CH05_FLYING_MACHINE_LV3
2579	CH05_FLYING_MACHINE_FIX
2580	CH05_OMULET_INCORRECT
2581	CH05_OMULET_CAMERA1
2582	CH05_OMULET_CAMERA2
2583	CH05_OMULET_CAMERA3
2584	CH05_OMULET_CAMERA4
2585	CH05_OMULET_CAMERA5
2586	CH05_OMULET_CAMERA6
2587	CH05_OMULET_CAMERA7
2588	CH05_OMULET_CAMERA8
2589	CH05_OMULET_CAMERA9
2590	CH05_OMULET_CAMERA10
2591	CH05_OMULET_CAMERA11
2592	CH05_OMULET_CAMERA12
2593	CH05_OMULET_CAMERA13
2600	CH05_OMULET_CAMERA_DOBUROKU_1
2601	CH05_OMULET_CAMERA_DOBUROKU_2
2602	CH05_OMULET_CAMERA_DOBUROKU_3
2603	CH05_OMULET_CAMERA_DOBUROKU_4
2604	CH05_OMULET_CAMERA_DOBUROKU_5
2605	CH05_OMULET_CAMERA_DOBUROKU_6
2610	CH05_FLYING_MACHINE_SET_LIVELY
2620	CH05_TV_MAZE_CHALLENGE
2621	CH05_TV_INHALED_VIEW
2629	CH05_TV_AND_OMU_DEFEATED
2630	CH05_EVT_026_VIEW
2631	CH05_EVT_013_VIEW
2632	CH05_TV_LIGHT_OFF
2633	CH05_ALL_QUEEN_RESCUED
2634	CH05_EVT_407_VIEW
2635	CH05_EVT_207_VIEW
2642	CH05_OMULET_SOLDIER_CHANGE_COUNTRY
2643	CH05_TVLUNCH_SOLDIER_CHANGE_COUNTRY
2644	CH05_SOBAJYU_SOLDIER_CHANGE_COUNTRY
2645	CH05_JUMBO_SOLDIER_CHANGE_COUNTRY
2646	CH05_FLYING_MACHINE_LV1
2816	CH06_EVT_005_VIEW
2817	CH06_EVT_101_ELEVATOR_SETUP
2818	CH06_EVT_GOD_WORLD_PENCIL_COL
2819	CH06_MOVE_RANDOM_POINT_LEFT
2820	CH06_MOVE_RANDOM_POINT_RIGHT
2821	CH06_MOVE_RANDOM_POINT_CENTER
2822	CH06_MOVE_RANDOM_POINT_TOP
2823	CH06_MOVE_RANDOM_POINT_BOTTOM
2824	CH06_EVT_GOD_WORLD_TAPE_COL
2825	CH06_EVT_GOD_WORLD_RULER_COL
2826	CH06_EVT_GOD_WORLD_BOOK_COL
3016	COMPLETE_BUILD_TO_LONSOBA_AREA
3017	COMPLETE_BUILD_TO_TV_AREA
3018	COMPLETE_BUILD_TO_CHANPLUN_AREA
3019	COMPLETE_BUILD_TO_SUNFLOWER_AREA
3020	COMPLETE_BUILD_TO_CHANPLUN_AREA2
3021	COMPLETE_BUILD_FIRE_ONI_AREA
3022	COMPLETE_BUILD_YOIDORE_AREA
3023	COMPLETE_BUILD_DEKIKAKE_EARLY_STAGE
3024	COMPLETE_BUILD_DEKIKAKE_MIDDLE_STAGE
3040	COMPLETE_BUILD_JUMPCANNON_HONEHONE
3041	COMPLETE_BUILD_JUMPCANNON_SIKABANE
3042	COMPLETE_BUILD_JUMPCANNON_SOBA
3043	COMPLETE_BUILD_JUMPCANNON_DEKIKAKE
3072	FIX_PLACE_CLEAR_000
3073	FIX_PLACE_CLEAR_001
3074	FIX_PLACE_CLEAR_002
3075	FIX_PLACE_CLEAR_003
3076	FIX_PLACE_CLEAR_004
3077	FIX_PLACE_CLEAR_005
3078	FIX_PLACE_CLEAR_006
3079	FIX_PLACE_CLEAR_007
3080	FIX_PLACE_CLEAR_008
3081	FIX_PLACE_CLEAR_009
3082	FIX_PLACE_CLEAR_010
3083	FIX_PLACE_CLEAR_011
3084	FIX_PLACE_CLEAR_012
3085	FIX_PLACE_CLEAR_013
3086	FIX_PLACE_CLEAR_014
3087	FIX_PLACE_CLEAR_015
3088	FIX_PLACE_CLEAR_016
3089	FIX_PLACE_CLEAR_017
3090	FIX_PLACE_CLEAR_018
3091	FIX_PLACE_CLEAR_019
3092	FIX_PLACE_CLEAR_020
3093	FIX_PLACE_CLEAR_021
3094	FIX_PLACE_CLEAR_022
3095	FIX_PLACE_CLEAR_023
3096	FIX_PLACE_CLEAR_024
3097	FIX_PLACE_CLEAR_025
3098	FIX_PLACE_CLEAR_026
3099	FIX_PLACE_CLEAR_027
3100	FIX_PLACE_CLEAR_028
3101	FIX_PLACE_CLEAR_029
3102	FIX_PLACE_CLEAR_030
3103	FIX_PLACE_CLEAR_031
3104	FIX_PLACE_CLEAR_032
3105	FIX_PLACE_CLEAR_033
3106	FIX_PLACE_CLEAR_034
3107	FIX_PLACE_CLEAR_035
3108	FIX_PLACE_CLEAR_036
3109	FIX_PLACE_CLEAR_037
3110	FIX_PLACE_CLEAR_038
3111	FIX_PLACE_CLEAR_039
3112	FIX_PLACE_CLEAR_040
3113	FIX_PLACE_CLEAR_041
3114	FIX_PLACE_CLEAR_042
3115	FIX_PLACE_CLEAR_043
3116	FIX_PLACE_CLEAR_044
3117	FIX_PLACE_CLEAR_045
3118	FIX_PLACE_CLEAR_046
3119	FIX_PLACE_CLEAR_047
3120	FIX_PLACE_CLEAR_048
3121	FIX_PLACE_CLEAR_049
3122	FIX_PLACE_CLEAR_050
3123	FIX_PLACE_CLEAR_051
3124	FIX_PLACE_CLEAR_052
3125	FIX_PLACE_CLEAR_053
3126	FIX_PLACE_CLEAR_054
3127	FIX_PLACE_CLEAR_055
3128	FIX_PLACE_CLEAR_056
3129	FIX_PLACE_CLEAR_057
3130	FIX_PLACE_CLEAR_058
3131	FIX_PLACE_CLEAR_059
3132	FIX_PLACE_CLEAR_060
3133	FIX_PLACE_CLEAR_061
3134	FIX_PLACE_CLEAR_062
3135	FIX_PLACE_CLEAR_063
3136	FIX_PLACE_CLEAR_064
3137	FIX_PLACE_CLEAR_065
3138	FIX_PLACE_CLEAR_066
3139	FIX_PLACE_CLEAR_067
3140	FIX_PLACE_CLEAR_068
3141	FIX_PLACE_CLEAR_069
3142	FIX_PLACE_CLEAR_070
3143	FIX_PLACE_CLEAR_071
3144	FIX_PLACE_CLEAR_072
3145	FIX_PLACE_CLEAR_073
3146	FIX_PLACE_CLEAR_074
3147	FIX_PLACE_CLEAR_075
3148	FIX_PLACE_CLEAR_076
3149	FIX_PLACE_CLEAR_077
3150	FIX_PLACE_CLEAR_078
3151	FIX_PLACE_CLEAR_079
3152	FIX_PLACE_CLEAR_080
3153	FIX_PLACE_CLEAR_081
3154	FIX_PLACE_CLEAR_082
3155	FIX_PLACE_CLEAR_083
3156	FIX_PLACE_CLEAR_084
3157	FIX_PLACE_CLEAR_085
3158	FIX_PLACE_CLEAR_086
3159	FIX_PLACE_CLEAR_087
3160	FIX_PLACE_CLEAR_088
3161	FIX_PLACE_CLEAR_089
3162	FIX_PLACE_CLEAR_090
3163	FIX_PLACE_CLEAR_091
3164	FIX_PLACE_CLEAR_092
3165	FIX_PLACE_CLEAR_093
3166	FIX_PLACE_CLEAR_094
3167	FIX_PLACE_CLEAR_095
3168	FIX_PLACE_CLEAR_096
3169	FIX_PLACE_CLEAR_097
3170	FIX_PLACE_CLEAR_098
3171	FIX_PLACE_CLEAR_099
3172	FIX_PLACE_CLEAR_100
3173	FIX_PLACE_CLEAR_101
3174	FIX_PLACE_CLEAR_102
3175	FIX_PLACE_CLEAR_103
3176	FIX_PLACE_CLEAR_104
3177	FIX_PLACE_CLEAR_105
3178	FIX_PLACE_CLEAR_106
3179	FIX_PLACE_CLEAR_107
3180	FIX_PLACE_CLEAR_108
3181	FIX_PLACE_CLEAR_109
3182	FIX_PLACE_CLEAR_110
3183	FIX_PLACE_CLEAR_111
3184	FIX_PLACE_CLEAR_112
3185	FIX_PLACE_CLEAR_113
3186	FIX_PLACE_CLEAR_114
3187	FIX_PLACE_CLEAR_115
3188	FIX_PLACE_CLEAR_116
3189	FIX_PLACE_CLEAR_117
3190	FIX_PLACE_CLEAR_118
3191	FIX_PLACE_CLEAR_119
3192	FIX_PLACE_CLEAR_120
3193	FIX_PLACE_CLEAR_121
3194	FIX_PLACE_CLEAR_122
3195	FIX_PLACE_CLEAR_123
3196	FIX_PLACE_CLEAR_124
3197	FIX_PLACE_CLEAR_125
3198	FIX_PLACE_CLEAR_126
3199	FIX_PLACE_CLEAR_127
3200	FIX_PLACE_CLEAR_128
3201	FIX_PLACE_CLEAR_129
3202	FIX_PLACE_CLEAR_130
3203	FIX_PLACE_CLEAR_131
3204	FIX_PLACE_CLEAR_132
3205	FIX_PLACE_CLEAR_133
3206	FIX_PLACE_CLEAR_134
3207	FIX_PLACE_CLEAR_135
3208	FIX_PLACE_CLEAR_136
3209	FIX_PLACE_CLEAR_137
3210	FIX_PLACE_CLEAR_138
3211	FIX_PLACE_CLEAR_139
3212	FIX_PLACE_CLEAR_140
3213	FIX_PLACE_CLEAR_141
3214	FIX_PLACE_CLEAR_142
3215	FIX_PLACE_CLEAR_143
3216	FIX_PLACE_CLEAR_144
3217	FIX_PLACE_CLEAR_145
3218	FIX_PLACE_CLEAR_146
3219	FIX_PLACE_CLEAR_147
3220	FIX_PLACE_CLEAR_148
3221	FIX_PLACE_CLEAR_149
3222	FIX_PLACE_CLEAR_150
3223	FIX_PLACE_CLEAR_151
3224	FIX_PLACE_CLEAR_152
3225	FIX_PLACE_CLEAR_153
3226	FIX_PLACE_CLEAR_154
3227	FIX_PLACE_CLEAR_155
3228	FIX_PLACE_CLEAR_156
3229	FIX_PLACE_CLEAR_157
3230	FIX_PLACE_CLEAR_158
3231	FIX_PLACE_CLEAR_159
3232	FIX_PLACE_CLEAR_160
3233	FIX_PLACE_CLEAR_161
3234	FIX_PLACE_CLEAR_162
3235	FIX_PLACE_CLEAR_163
3236	FIX_PLACE_CLEAR_164
3237	FIX_PLACE_CLEAR_165
3238	FIX_PLACE_CLEAR_166
3239	FIX_PLACE_CLEAR_167
3240	FIX_PLACE_CLEAR_168
3241	FIX_PLACE_CLEAR_169
3242	FIX_PLACE_CLEAR_170
3243	FIX_PLACE_CLEAR_171
3244	FIX_PLACE_CLEAR_172
3245	FIX_PLACE_CLEAR_173
3246	FIX_PLACE_CLEAR_174
3247	FIX_PLACE_CLEAR_175
3248	FIX_PLACE_CLEAR_176
3249	FIX_PLACE_CLEAR_177
3250	FIX_PLACE_CLEAR_178
3251	FIX_PLACE_CLEAR_179
3252	FIX_PLACE_CLEAR_180
3253	FIX_PLACE_CLEAR_181
3254	FIX_PLACE_CLEAR_182
3255	FIX_PLACE_CLEAR_183
3256	FIX_PLACE_CLEAR_184
3257	FIX_PLACE_CLEAR_185
3258	FIX_PLACE_CLEAR_186
3259	FIX_PLACE_CLEAR_187
3260	FIX_PLACE_CLEAR_188
3261	FIX_PLACE_CLEAR_189
3262	FIX_PLACE_CLEAR_190
3263	FIX_PLACE_CLEAR_191
3264	FIX_PLACE_CLEAR_192
3265	FIX_PLACE_CLEAR_193
3266	FIX_PLACE_CLEAR_194
3267	FIX_PLACE_CLEAR_195
3268	FIX_PLACE_CLEAR_196
3269	FIX_PLACE_CLEAR_197
3270	FIX_PLACE_CLEAR_198
3271	FIX_PLACE_CLEAR_199
3272	FIX_PLACE_CLEAR_200
3273	FIX_PLACE_CLEAR_201
3274	FIX_PLACE_CLEAR_202
3275	FIX_PLACE_CLEAR_203
3276	FIX_PLACE_CLEAR_204
3277	FIX_PLACE_CLEAR_205
3278	FIX_PLACE_CLEAR_206
3279	FIX_PLACE_CLEAR_207
3280	FIX_PLACE_CLEAR_208
3281	FIX_PLACE_CLEAR_209
3282	FIX_PLACE_CLEAR_210
3283	FIX_PLACE_CLEAR_211
3284	FIX_PLACE_CLEAR_212
3285	FIX_PLACE_CLEAR_213
3286	FIX_PLACE_CLEAR_214
3287	FIX_PLACE_CLEAR_215
3288	FIX_PLACE_CLEAR_216
3289	FIX_PLACE_CLEAR_217
3290	FIX_PLACE_CLEAR_218
3291	FIX_PLACE_CLEAR_219
3292	FIX_PLACE_CLEAR_220
3293	FIX_PLACE_CLEAR_221
3294	FIX_PLACE_CLEAR_222
3295	FIX_PLACE_CLEAR_223
3296	FIX_PLACE_CLEAR_224
3297	FIX_PLACE_CLEAR_225
3298	FIX_PLACE_CLEAR_226
3299	FIX_PLACE_CLEAR_227
3300	FIX_PLACE_CLEAR_228
3301	FIX_PLACE_CLEAR_229
3302	FIX_PLACE_CLEAR_230
3303	FIX_PLACE_CLEAR_231
3304	FIX_PLACE_CLEAR_232
3305	FIX_PLACE_CLEAR_233
3306	FIX_PLACE_CLEAR_234
3307	FIX_PLACE_CLEAR_235
3308	FIX_PLACE_CLEAR_236
3309	FIX_PLACE_CLEAR_237
3310	FIX_PLACE_CLEAR_238
3311	FIX_PLACE_CLEAR_239
3312	FIX_PLACE_CLEAR_240
3313	FIX_PLACE_CLEAR_241
3314	FIX_PLACE_CLEAR_242
3315	FIX_PLACE_CLEAR_243
3316	FIX_PLACE_CLEAR_244
3317	FIX_PLACE_CLEAR_245
3318	FIX_PLACE_CLEAR_246
3319	FIX_PLACE_CLEAR_247
3320	FIX_PLACE_CLEAR_248
3321	FIX_PLACE_CLEAR_249
3322	FIX_PLACE_CLEAR_250
3323	FIX_PLACE_CLEAR_251
3324	FIX_PLACE_CLEAR_252
3325	FIX_PLACE_CLEAR_253
3326	FIX_PLACE_CLEAR_254
3327	FIX_PLACE_CLEAR_255
3328	FIX_PLACE_CLEAR_256
3329	FIX_PLACE_CLEAR_257
3330	FIX_PLACE_CLEAR_258
3331	FIX_PLACE_CLEAR_259
3332	FIX_PLACE_CLEAR_260
3333	FIX_PLACE_CLEAR_261
3334	FIX_PLACE_CLEAR_262
3335	FIX_PLACE_CLEAR_263
3336	FIX_PLACE_CLEAR_264
3337	FIX_PLACE_CLEAR_265
3338	FIX_PLACE_CLEAR_266
3339	FIX_PLACE_CLEAR_267
3340	FIX_PLACE_CLEAR_268
3341	FIX_PLACE_CLEAR_269
3342	FIX_PLACE_CLEAR_270
3343	FIX_PLACE_CLEAR_271
3344	FIX_PLACE_CLEAR_272
3345	FIX_PLACE_CLEAR_273
3346	FIX_PLACE_CLEAR_274
3347	FIX_PLACE_CLEAR_275
3348	FIX_PLACE_CLEAR_276
3349	FIX_PLACE_CLEAR_277
3350	FIX_PLACE_CLEAR_278
3351	FIX_PLACE_CLEAR_279
3352	FIX_PLACE_CLEAR_280
3353	FIX_PLACE_CLEAR_281
3354	FIX_PLACE_CLEAR_282
3355	FIX_PLACE_CLEAR_283
3356	FIX_PLACE_CLEAR_284
3357	FIX_PLACE_CLEAR_285
3358	FIX_PLACE_CLEAR_286
3359	FIX_PLACE_CLEAR_287
3360	FIX_PLACE_CLEAR_288
3361	FIX_PLACE_CLEAR_289
3362	FIX_PLACE_CLEAR_290
3363	FIX_PLACE_CLEAR_291
3364	FIX_PLACE_CLEAR_292
3365	FIX_PLACE_CLEAR_293
3366	FIX_PLACE_CLEAR_294
3367	FIX_PLACE_CLEAR_295
3368	FIX_PLACE_CLEAR_296
3369	FIX_PLACE_CLEAR_297
3370	FIX_PLACE_CLEAR_298
3371	FIX_PLACE_CLEAR_299
3372	FIX_PLACE_CLEAR_300
3373	FIX_PLACE_CLEAR_301
3374	FIX_PLACE_CLEAR_302
3375	FIX_PLACE_CLEAR_303
3376	FIX_PLACE_CLEAR_304
3377	FIX_PLACE_CLEAR_305
3378	FIX_PLACE_CLEAR_306
3379	FIX_PLACE_CLEAR_307
3380	FIX_PLACE_CLEAR_308
3381	FIX_PLACE_CLEAR_309
3382	FIX_PLACE_CLEAR_310
3383	FIX_PLACE_CLEAR_311
3384	FIX_PLACE_CLEAR_312
3385	FIX_PLACE_CLEAR_313
3386	FIX_PLACE_CLEAR_314
3387	FIX_PLACE_CLEAR_315
3388	FIX_PLACE_CLEAR_316
3389	FIX_PLACE_CLEAR_317
3390	FIX_PLACE_CLEAR_318
3391	FIX_PLACE_CLEAR_319
3392	FIX_PLACE_CLEAR_320
3393	FIX_PLACE_CLEAR_321
3394	FIX_PLACE_CLEAR_322
3395	FIX_PLACE_CLEAR_323
3396	FIX_PLACE_CLEAR_324
3397	FIX_PLACE_CLEAR_325
3398	FIX_PLACE_CLEAR_326
3399	FIX_PLACE_CLEAR_327
3400	FIX_PLACE_CLEAR_328
3401	FIX_PLACE_CLEAR_329
3402	FIX_PLACE_CLEAR_330
3403	FIX_PLACE_CLEAR_331
3404	FIX_PLACE_CLEAR_332
3405	FIX_PLACE_CLEAR_333
3406	FIX_PLACE_CLEAR_334
3407	FIX_PLACE_CLEAR_335
3408	FIX_PLACE_CLEAR_336
3409	FIX_PLACE_CLEAR_337
3410	FIX_PLACE_CLEAR_338
3411	FIX_PLACE_CLEAR_339
3412	FIX_PLACE_CLEAR_340
3413	FIX_PLACE_CLEAR_341
3414	FIX_PLACE_CLEAR_342
3415	FIX_PLACE_CLEAR_343
3416	FIX_PLACE_CLEAR_344
3417	FIX_PLACE_CLEAR_345
3418	FIX_PLACE_CLEAR_346
3419	FIX_PLACE_CLEAR_347
3420	FIX_PLACE_CLEAR_348
3421	FIX_PLACE_CLEAR_349
3422	FIX_PLACE_CLEAR_350
3423	FIX_PLACE_CLEAR_351
3424	FIX_PLACE_CLEAR_352
3425	FIX_PLACE_CLEAR_353
3426	FIX_PLACE_CLEAR_354
3427	FIX_PLACE_CLEAR_355
3428	FIX_PLACE_CLEAR_356
3429	FIX_PLACE_CLEAR_357
3430	FIX_PLACE_CLEAR_358
3431	FIX_PLACE_CLEAR_359
3432	FIX_PLACE_CLEAR_360
3433	FIX_PLACE_CLEAR_361
3434	FIX_PLACE_CLEAR_362
3435	FIX_PLACE_CLEAR_363
3436	FIX_PLACE_CLEAR_364
3437	FIX_PLACE_CLEAR_365
3438	FIX_PLACE_CLEAR_366
3439	FIX_PLACE_CLEAR_367
3440	FIX_PLACE_CLEAR_368
3441	FIX_PLACE_CLEAR_369
3442	FIX_PLACE_CLEAR_370
3443	FIX_PLACE_CLEAR_371
3444	FIX_PLACE_CLEAR_372
3445	FIX_PLACE_CLEAR_373
3446	FIX_PLACE_CLEAR_374
3447	FIX_PLACE_CLEAR_375
3448	FIX_PLACE_CLEAR_376
3449	FIX_PLACE_CLEAR_377
3450	FIX_PLACE_CLEAR_378
3451	FIX_PLACE_CLEAR_379
3452	FIX_PLACE_CLEAR_380
3453	FIX_PLACE_CLEAR_381
3454	FIX_PLACE_CLEAR_382
3455	FIX_PLACE_CLEAR_383
3456	FIX_PLACE_CLEAR_384
3457	FIX_PLACE_CLEAR_385
3458	FIX_PLACE_CLEAR_386
3459	FIX_PLACE_CLEAR_387
3460	FIX_PLACE_CLEAR_388
3461	FIX_PLACE_CLEAR_389
3462	FIX_PLACE_CLEAR_390
3463	FIX_PLACE_CLEAR_391
3464	FIX_PLACE_CLEAR_392
3465	FIX_PLACE_CLEAR_393
3466	FIX_PLACE_CLEAR_394
3467	FIX_PLACE_CLEAR_395
3468	FIX_PLACE_CLEAR_396
3469	FIX_PLACE_CLEAR_397
3470	FIX_PLACE_CLEAR_398
3471	FIX_PLACE_CLEAR_399
3472	FIX_PLACE_CLEAR_400
3473	FIX_PLACE_CLEAR_401
3474	FIX_PLACE_CLEAR_402
3475	FIX_PLACE_CLEAR_403
3476	FIX_PLACE_CLEAR_404
3477	FIX_PLACE_CLEAR_405
3478	FIX_PLACE_CLEAR_406
3479	FIX_PLACE_CLEAR_407
3480	FIX_PLACE_CLEAR_408
3481	FIX_PLACE_CLEAR_409
3482	FIX_PLACE_CLEAR_410
3483	FIX_PLACE_CLEAR_411
3484	FIX_PLACE_CLEAR_412
3485	FIX_PLACE_CLEAR_413
3486	FIX_PLACE_CLEAR_414
3487	FIX_PLACE_CLEAR_415
3488	FIX_PLACE_CLEAR_416
3489	FIX_PLACE_CLEAR_417
3490	FIX_PLACE_CLEAR_418
3491	FIX_PLACE_CLEAR_419
3492	FIX_PLACE_CLEAR_420
3493	FIX_PLACE_CLEAR_421
3494	FIX_PLACE_CLEAR_422
3495	FIX_PLACE_CLEAR_423
3496	FIX_PLACE_CLEAR_424
3497	FIX_PLACE_CLEAR_425
3498	FIX_PLACE_CLEAR_426
3499	FIX_PLACE_CLEAR_427
3500	FIX_PLACE_CLEAR_428
3501	FIX_PLACE_CLEAR_429
3502	FIX_PLACE_CLEAR_430
3503	FIX_PLACE_CLEAR_431
3504	FIX_PLACE_CLEAR_432
3505	FIX_PLACE_CLEAR_433
3506	FIX_PLACE_CLEAR_434
3507	FIX_PLACE_CLEAR_435
3508	FIX_PLACE_CLEAR_436
3509	FIX_PLACE_CLEAR_437
3510	FIX_PLACE_CLEAR_438
3511	FIX_PLACE_CLEAR_439
3512	FIX_PLACE_CLEAR_440
3513	FIX_PLACE_CLEAR_441
3514	FIX_PLACE_CLEAR_442
3515	FIX_PLACE_CLEAR_443
3516	FIX_PLACE_CLEAR_444
3517	FIX_PLACE_CLEAR_445
3518	FIX_PLACE_CLEAR_446
3519	FIX_PLACE_CLEAR_447
3520	FIX_PLACE_CLEAR_448
3521	FIX_PLACE_CLEAR_449
3522	FIX_PLACE_CLEAR_450
3523	FIX_PLACE_CLEAR_451
3524	FIX_PLACE_CLEAR_452
3525	FIX_PLACE_CLEAR_453
3526	FIX_PLACE_CLEAR_454
3527	FIX_PLACE_CLEAR_455
3528	FIX_PLACE_CLEAR_456
3529	FIX_PLACE_CLEAR_457
3530	FIX_PLACE_CLEAR_458
3531	FIX_PLACE_CLEAR_459
3532	FIX_PLACE_CLEAR_460
3533	FIX_PLACE_CLEAR_461
3534	FIX_PLACE_CLEAR_462
3535	FIX_PLACE_CLEAR_463
3536	FIX_PLACE_CLEAR_464
3537	FIX_PLACE_CLEAR_465
3538	FIX_PLACE_CLEAR_466
3539	FIX_PLACE_CLEAR_467
3540	FIX_PLACE_CLEAR_468
3541	FIX_PLACE_CLEAR_469
3542	FIX_PLACE_CLEAR_470
3543	FIX_PLACE_CLEAR_471
3544	FIX_PLACE_CLEAR_472
3545	FIX_PLACE_CLEAR_473
3546	FIX_PLACE_CLEAR_474
3547	FIX_PLACE_CLEAR_475
3548	FIX_PLACE_CLEAR_476
3549	FIX_PLACE_CLEAR_477
3550	FIX_PLACE_CLEAR_478
3551	FIX_PLACE_CLEAR_479
3552	FIX_PLACE_CLEAR_480
3553	FIX_PLACE_CLEAR_481
3554	FIX_PLACE_CLEAR_482
3555	FIX_PLACE_CLEAR_483
3556	FIX_PLACE_CLEAR_484
3557	FIX_PLACE_CLEAR_485
3558	FIX_PLACE_CLEAR_486
3559	FIX_PLACE_CLEAR_487
3560	FIX_PLACE_CLEAR_488
3561	FIX_PLACE_CLEAR_489
3562	FIX_PLACE_CLEAR_490
3563	FIX_PLACE_CLEAR_491
3564	FIX_PLACE_CLEAR_492
3565	FIX_PLACE_CLEAR_493
3566	FIX_PLACE_CLEAR_494
3567	FIX_PLACE_CLEAR_495
3568	FIX_PLACE_CLEAR_496
3569	FIX_PLACE_CLEAR_497
3570	FIX_PLACE_CLEAR_498
3571	FIX_PLACE_CLEAR_499
3572	FIX_PLACE_CLEAR_500
3573	FIX_PLACE_CLEAR_501
3574	FIX_PLACE_CLEAR_502
3575	FIX_PLACE_CLEAR_503
3576	FIX_PLACE_CLEAR_504
3577	FIX_PLACE_CLEAR_505
3578	FIX_PLACE_CLEAR_506
3579	FIX_PLACE_CLEAR_507
3580	FIX_PLACE_CLEAR_508
3581	FIX_PLACE_CLEAR_509
3582	FIX_PLACE_CLEAR_510
3583	FIX_PLACE_CLEAR_511
3584	FIX_PLACE_CLEAR_512
3585	FIX_PLACE_CLEAR_513
3586	FIX_PLACE_CLEAR_514
3587	FIX_PLACE_CLEAR_515
3588	FIX_PLACE_CLEAR_516
3589	FIX_PLACE_CLEAR_517
3590	FIX_PLACE_CLEAR_518
3591	FIX_PLACE_CLEAR_519
3592	FIX_PLACE_CLEAR_520
3593	FIX_PLACE_CLEAR_521
3594	FIX_PLACE_CLEAR_522
3595	FIX_PLACE_CLEAR_523
3596	FIX_PLACE_CLEAR_524
3597	FIX_PLACE_CLEAR_525
3598	FIX_PLACE_CLEAR_526
3599	FIX_PLACE_CLEAR_527
3600	FIX_PLACE_CLEAR_528
3601	FIX_PLACE_CLEAR_529
3602	FIX_PLACE_CLEAR_530
3603	FIX_PLACE_CLEAR_531
3604	FIX_PLACE_CLEAR_532
3605	FIX_PLACE_CLEAR_533
3606	FIX_PLACE_CLEAR_534
3607	FIX_PLACE_CLEAR_535
3608	FIX_PLACE_CLEAR_536
3609	FIX_PLACE_CLEAR_537
3610	FIX_PLACE_CLEAR_538
3611	FIX_PLACE_CLEAR_539
3612	FIX_PLACE_CLEAR_540
3613	FIX_PLACE_CLEAR_541
3614	FIX_PLACE_CLEAR_542
3615	FIX_PLACE_CLEAR_543
3616	FIX_PLACE_CLEAR_544
3617	FIX_PLACE_CLEAR_545
3618	FIX_PLACE_CLEAR_546
3619	FIX_PLACE_CLEAR_547
3620	FIX_PLACE_CLEAR_548
3621	FIX_PLACE_CLEAR_549
3622	FIX_PLACE_CLEAR_550
3623	FIX_PLACE_CLEAR_551
3624	FIX_PLACE_CLEAR_552
3625	FIX_PLACE_CLEAR_553
3626	FIX_PLACE_CLEAR_554
3627	FIX_PLACE_CLEAR_555
3628	FIX_PLACE_CLEAR_556
3629	FIX_PLACE_CLEAR_557
3630	FIX_PLACE_CLEAR_558
3631	FIX_PLACE_CLEAR_559
3632	FIX_PLACE_CLEAR_560
3633	FIX_PLACE_CLEAR_561
3634	FIX_PLACE_CLEAR_562
3635	FIX_PLACE_CLEAR_563
3636	FIX_PLACE_CLEAR_564
3637	FIX_PLACE_CLEAR_565
3638	FIX_PLACE_CLEAR_566
3639	FIX_PLACE_CLEAR_567
3640	FIX_PLACE_CLEAR_568
3641	FIX_PLACE_CLEAR_569
3642	FIX_PLACE_CLEAR_570
3643	FIX_PLACE_CLEAR_571
3644	FIX_PLACE_CLEAR_572
3645	FIX_PLACE_CLEAR_573
3646	FIX_PLACE_CLEAR_574
3647	FIX_PLACE_CLEAR_575
3648	FIX_PLACE_CLEAR_576
3649	FIX_PLACE_CLEAR_577
3650	FIX_PLACE_CLEAR_578
3651	FIX_PLACE_CLEAR_579
3652	FIX_PLACE_CLEAR_580
3653	FIX_PLACE_CLEAR_581
3654	FIX_PLACE_CLEAR_582
3655	FIX_PLACE_CLEAR_583
3656	FIX_PLACE_CLEAR_584
3657	FIX_PLACE_CLEAR_585
3658	FIX_PLACE_CLEAR_586
3659	FIX_PLACE_CLEAR_587
3660	FIX_PLACE_CLEAR_588
3661	FIX_PLACE_CLEAR_589
3662	FIX_PLACE_CLEAR_590
3663	FIX_PLACE_CLEAR_591
3664	FIX_PLACE_CLEAR_592
3665	FIX_PLACE_CLEAR_593
3666	FIX_PLACE_CLEAR_594
3667	FIX_PLACE_CLEAR_595
3668	FIX_PLACE_CLEAR_596
3669	FIX_PLACE_CLEAR_597
3670	FIX_PLACE_CLEAR_598
3671	FIX_PLACE_CLEAR_599
3672	FIX_PLACE_CLEAR_600
3673	FIX_PLACE_CLEAR_601
3674	FIX_PLACE_CLEAR_602
3675	FIX_PLACE_CLEAR_603
3676	FIX_PLACE_CLEAR_604
3677	FIX_PLACE_CLEAR_605
3678	FIX_PLACE_CLEAR_606
3679	FIX_PLACE_CLEAR_607
3680	FIX_PLACE_CLEAR_608
3681	FIX_PLACE_CLEAR_609
3682	FIX_PLACE_CLEAR_610
3683	FIX_PLACE_CLEAR_611
3684	FIX_PLACE_CLEAR_612
3685	FIX_PLACE_CLEAR_613
3686	FIX_PLACE_CLEAR_614
3687	FIX_PLACE_CLEAR_615
3688	FIX_PLACE_CLEAR_616
3689	FIX_PLACE_CLEAR_617
3690	FIX_PLACE_CLEAR_618
3691	FIX_PLACE_CLEAR_619
3692	FIX_PLACE_CLEAR_620
3693	FIX_PLACE_CLEAR_621
3694	FIX_PLACE_CLEAR_622
3695	FIX_PLACE_CLEAR_623
3696	FIX_PLACE_CLEAR_624
3697	FIX_PLACE_CLEAR_625
3698	FIX_PLACE_CLEAR_626
3699	FIX_PLACE_CLEAR_627
3700	FIX_PLACE_CLEAR_628
3701	FIX_PLACE_CLEAR_629
3702	FIX_PLACE_CLEAR_630
3703	FIX_PLACE_CLEAR_631
3704	FIX_PLACE_CLEAR_632
3705	FIX_PLACE_CLEAR_633
3706	FIX_PLACE_CLEAR_634
3707	FIX_PLACE_CLEAR_635
3708	FIX_PLACE_CLEAR_636
3709	FIX_PLACE_CLEAR_637
3710	FIX_PLACE_CLEAR_638
3711	FIX_PLACE_CLEAR_639
3712	FIX_PLACE_CLEAR_640
3713	FIX_PLACE_CLEAR_641
3714	FIX_PLACE_CLEAR_642
3715	FIX_PLACE_CLEAR_643
3716	FIX_PLACE_CLEAR_644
3717	FIX_PLACE_CLEAR_645
3718	FIX_PLACE_CLEAR_646
3719	FIX_PLACE_CLEAR_647
3720	FIX_PLACE_CLEAR_648
3721	FIX_PLACE_CLEAR_649
3722	FIX_PLACE_CLEAR_650
3723	FIX_PLACE_CLEAR_651
3724	FIX_PLACE_CLEAR_652
3725	FIX_PLACE_CLEAR_653
3726	FIX_PLACE_CLEAR_654
3727	FIX_PLACE_CLEAR_655
3728	FIX_PLACE_CLEAR_656
3729	FIX_PLACE_CLEAR_657
3730	FIX_PLACE_CLEAR_658
3731	FIX_PLACE_CLEAR_659
3732	FIX_PLACE_CLEAR_660
3733	FIX_PLACE_CLEAR_661
3734	FIX_PLACE_CLEAR_662
3735	FIX_PLACE_CLEAR_663
3736	FIX_PLACE_CLEAR_664
3737	FIX_PLACE_CLEAR_665
3738	FIX_PLACE_CLEAR_666
3739	FIX_PLACE_CLEAR_667
3740	FIX_PLACE_CLEAR_668
3741	FIX_PLACE_CLEAR_669
3742	FIX_PLACE_CLEAR_670
3743	FIX_PLACE_CLEAR_671
3744	FIX_PLACE_CLEAR_672
3745	FIX_PLACE_CLEAR_673
3746	FIX_PLACE_CLEAR_674
3747	FIX_PLACE_CLEAR_675
3748	FIX_PLACE_CLEAR_676
3749	FIX_PLACE_CLEAR_677
3750	FIX_PLACE_CLEAR_678
3751	FIX_PLACE_CLEAR_679
3752	FIX_PLACE_CLEAR_680
3753	FIX_PLACE_CLEAR_681
3754	FIX_PLACE_CLEAR_682
3755	FIX_PLACE_CLEAR_683
3756	FIX_PLACE_CLEAR_684
3757	FIX_PLACE_CLEAR_685
3758	FIX_PLACE_CLEAR_686
3759	FIX_PLACE_CLEAR_687
3760	FIX_PLACE_CLEAR_688
3761	FIX_PLACE_CLEAR_689
3762	FIX_PLACE_CLEAR_690
3763	FIX_PLACE_CLEAR_691
3764	FIX_PLACE_CLEAR_692
3765	FIX_PLACE_CLEAR_693
3766	FIX_PLACE_CLEAR_694
3767	FIX_PLACE_CLEAR_695
3768	FIX_PLACE_CLEAR_696
3769	FIX_PLACE_CLEAR_697
3770	FIX_PLACE_CLEAR_698
3771	FIX_PLACE_CLEAR_699
3772	FIX_PLACE_CLEAR_700
3773	FIX_PLACE_CLEAR_701
3774	FIX_PLACE_CLEAR_702
3775	FIX_PLACE_CLEAR_703
3776	FIX_PLACE_CLEAR_704
3777	FIX_PLACE_CLEAR_705
3778	FIX_PLACE_CLEAR_706
3779	FIX_PLACE_CLEAR_707
3780	FIX_PLACE_CLEAR_708
3781	FIX_PLACE_CLEAR_709
3782	FIX_PLACE_CLEAR_710
3783	FIX_PLACE_CLEAR_711
3784	FIX_PLACE_CLEAR_712
3785	FIX_PLACE_CLEAR_713
3786	FIX_PLACE_CLEAR_714
3787	FIX_PLACE_CLEAR_715
3788	FIX_PLACE_CLEAR_716
3789	FIX_PLACE_CLEAR_717
3790	FIX_PLACE_CLEAR_718
3791	FIX_PLACE_CLEAR_719
3792	FIX_PLACE_CLEAR_720
3793	FIX_PLACE_CLEAR_721
3794	FIX_PLACE_CLEAR_722
3795	FIX_PLACE_CLEAR_723
3796	FIX_PLACE_CLEAR_724
3797	FIX_PLACE_CLEAR_725
3798	FIX_PLACE_CLEAR_726
3799	FIX_PLACE_CLEAR_727
3800	FIX_PLACE_CLEAR_728
3801	FIX_PLACE_CLEAR_729
3802	FIX_PLACE_CLEAR_730
3803	FIX_PLACE_CLEAR_731
3804	FIX_PLACE_CLEAR_732
3805	FIX_PLACE_CLEAR_733
3806	FIX_PLACE_CLEAR_734
3807	FIX_PLACE_CLEAR_735
3808	FIX_PLACE_CLEAR_736
3809	FIX_PLACE_CLEAR_737
3810	FIX_PLACE_CLEAR_738
3811	FIX_PLACE_CLEAR_739
3812	FIX_PLACE_CLEAR_740
3813	FIX_PLACE_CLEAR_741
3814	FIX_PLACE_CLEAR_742
3815	FIX_PLACE_CLEAR_743
3816	FIX_PLACE_CLEAR_744
3817	FIX_PLACE_CLEAR_745
3818	FIX_PLACE_CLEAR_746
3819	FIX_PLACE_CLEAR_747
3820	FIX_PLACE_CLEAR_748
3821	FIX_PLACE_CLEAR_749
3822	FIX_PLACE_CLEAR_750
3823	FIX_PLACE_CLEAR_751
3824	FIX_PLACE_CLEAR_752
3825	FIX_PLACE_CLEAR_753
3826	FIX_PLACE_CLEAR_754
3827	FIX_PLACE_CLEAR_755
3828	FIX_PLACE_CLEAR_756
3829	FIX_PLACE_CLEAR_757
3830	FIX_PLACE_CLEAR_758
3831	FIX_PLACE_CLEAR_759
3832	FIX_PLACE_CLEAR_760
3833	FIX_PLACE_CLEAR_761
3834	FIX_PLACE_CLEAR_762
3835	FIX_PLACE_CLEAR_763
3836	FIX_PLACE_CLEAR_764
3837	FIX_PLACE_CLEAR_765
3838	FIX_PLACE_CLEAR_766
3839	FIX_PLACE_CLEAR_767
3840	FIX_PLACE_CLEAR_768
3841	FIX_PLACE_CLEAR_769
3842	FIX_PLACE_CLEAR_770
3843	FIX_PLACE_CLEAR_771
3844	FIX_PLACE_CLEAR_772
3845	FIX_PLACE_CLEAR_773
3846	FIX_PLACE_CLEAR_774
3847	FIX_PLACE_CLEAR_775
3848	FIX_PLACE_CLEAR_776
3849	FIX_PLACE_CLEAR_777
3850	FIX_PLACE_CLEAR_778
3851	FIX_PLACE_CLEAR_779
3852	FIX_PLACE_CLEAR_780
3853	FIX_PLACE_CLEAR_781
3854	FIX_PLACE_CLEAR_782
3855	FIX_PLACE_CLEAR_783
3856	FIX_PLACE_CLEAR_784
3857	FIX_PLACE_CLEAR_785
3858	FIX_PLACE_CLEAR_786
3859	FIX_PLACE_CLEAR_787
3860	FIX_PLACE_CLEAR_788
3861	FIX_PLACE_CLEAR_789
3862	FIX_PLACE_CLEAR_790
3863	FIX_PLACE_CLEAR_791
3864	FIX_PLACE_CLEAR_792
3865	FIX_PLACE_CLEAR_793
3866	FIX_PLACE_CLEAR_794
3867	FIX_PLACE_CLEAR_795
3868	FIX_PLACE_CLEAR_796
3869	FIX_PLACE_CLEAR_797
3870	FIX_PLACE_CLEAR_798
3871	FIX_PLACE_CLEAR_799
3872	FIX_PLACE_CLEAR_800
3873	FIX_PLACE_CLEAR_801
3874	FIX_PLACE_CLEAR_802
3875	FIX_PLACE_CLEAR_803
3876	FIX_PLACE_CLEAR_804
3877	FIX_PLACE_CLEAR_805
3878	FIX_PLACE_CLEAR_806
3879	FIX_PLACE_CLEAR_807
3880	FIX_PLACE_CLEAR_808
3881	FIX_PLACE_CLEAR_809
3882	FIX_PLACE_CLEAR_810
3883	FIX_PLACE_CLEAR_811
3884	FIX_PLACE_CLEAR_812
3885	FIX_PLACE_CLEAR_813
3886	FIX_PLACE_CLEAR_814
3887	FIX_PLACE_CLEAR_815
3888	FIX_PLACE_CLEAR_816
3889	FIX_PLACE_CLEAR_817
3890	FIX_PLACE_CLEAR_818
3891	FIX_PLACE_CLEAR_819
3892	FIX_PLACE_CLEAR_820
3893	FIX_PLACE_CLEAR_821
3894	FIX_PLACE_CLEAR_822
3895	FIX_PLACE_CLEAR_823
3896	FIX_PLACE_CLEAR_824
3897	FIX_PLACE_CLEAR_825
3898	FIX_PLACE_CLEAR_826
3899	FIX_PLACE_CLEAR_827
3900	FIX_PLACE_CLEAR_828
3901	FIX_PLACE_CLEAR_829
3902	FIX_PLACE_CLEAR_830
3903	FIX_PLACE_CLEAR_831
3904	FIX_PLACE_CLEAR_832
3905	FIX_PLACE_CLEAR_833
3906	FIX_PLACE_CLEAR_834
3907	FIX_PLACE_CLEAR_835
3908	FIX_PLACE_CLEAR_836
3909	FIX_PLACE_CLEAR_837
3910	FIX_PLACE_CLEAR_838
3911	FIX_PLACE_CLEAR_839
3912	FIX_PLACE_CLEAR_840
3913	FIX_PLACE_CLEAR_841
3914	FIX_PLACE_CLEAR_842
3915	FIX_PLACE_CLEAR_843
3916	FIX_PLACE_CLEAR_844
3917	FIX_PLACE_CLEAR_845
3918	FIX_PLACE_CLEAR_846
3919	FIX_PLACE_CLEAR_847
3920	FIX_PLACE_CLEAR_848
3921	FIX_PLACE_CLEAR_849
3922	FIX_PLACE_CLEAR_850
3923	FIX_PLACE_CLEAR_851
3924	FIX_PLACE_CLEAR_852
3925	FIX_PLACE_CLEAR_853
3926	FIX_PLACE_CLEAR_854
3927	FIX_PLACE_CLEAR_855
3928	FIX_PLACE_CLEAR_856
3929	FIX_PLACE_CLEAR_857
3930	FIX_PLACE_CLEAR_858
3931	FIX_PLACE_CLEAR_859
3932	FIX_PLACE_CLEAR_860
3933	FIX_PLACE_CLEAR_861
3934	FIX_PLACE_CLEAR_862
3935	FIX_PLACE_CLEAR_863
3936	FIX_PLACE_CLEAR_864
3937	FIX_PLACE_CLEAR_865
3938	FIX_PLACE_CLEAR_866
3939	FIX_PLACE_CLEAR_867
3940	FIX_PLACE_CLEAR_868
3941	FIX_PLACE_CLEAR_869
3942	FIX_PLACE_CLEAR_870
3943	FIX_PLACE_CLEAR_871
3944	FIX_PLACE_CLEAR_872
3945	FIX_PLACE_CLEAR_873
3946	FIX_PLACE_CLEAR_874
3947	FIX_PLACE_CLEAR_875
3948	FIX_PLACE_CLEAR_876
3949	FIX_PLACE_CLEAR_877
3950	FIX_PLACE_CLEAR_878
3951	FIX_PLACE_CLEAR_879
3952	FIX_PLACE_CLEAR_880
3953	FIX_PLACE_CLEAR_881
3954	FIX_PLACE_CLEAR_882
3955	FIX_PLACE_CLEAR_883
3956	FIX_PLACE_CLEAR_884
3957	FIX_PLACE_CLEAR_885
3958	FIX_PLACE_CLEAR_886
3959	FIX_PLACE_CLEAR_887
3960	FIX_PLACE_CLEAR_888
3961	FIX_PLACE_CLEAR_889
3962	FIX_PLACE_CLEAR_890
3963	FIX_PLACE_CLEAR_891
3964	FIX_PLACE_CLEAR_892
3965	FIX_PLACE_CLEAR_893
3966	FIX_PLACE_CLEAR_894
3967	FIX_PLACE_CLEAR_895
3968	FIX_PLACE_CLEAR_896
3969	FIX_PLACE_CLEAR_897
3970	FIX_PLACE_CLEAR_898
3971	FIX_PLACE_CLEAR_899
3972	FIX_PLACE_CLEAR_900
3973	FIX_PLACE_CLEAR_901
3974	FIX_PLACE_CLEAR_902
3975	FIX_PLACE_CLEAR_903
3976	FIX_PLACE_CLEAR_904
3977	FIX_PLACE_CLEAR_905
3978	FIX_PLACE_CLEAR_906
3979	FIX_PLACE_CLEAR_907
3980	FIX_PLACE_CLEAR_908
3981	FIX_PLACE_CLEAR_909
3982	FIX_PLACE_CLEAR_910
3983	FIX_PLACE_CLEAR_911
3984	FIX_PLACE_CLEAR_912
3985	FIX_PLACE_CLEAR_913
3986	FIX_PLACE_CLEAR_914
3987	FIX_PLACE_CLEAR_915
3988	FIX_PLACE_CLEAR_916
3989	FIX_PLACE_CLEAR_917
3990	FIX_PLACE_CLEAR_918
3991	FIX_PLACE_CLEAR_919
3992	FIX_PLACE_CLEAR_920
3993	FIX_PLACE_CLEAR_921
3994	FIX_PLACE_CLEAR_922
3995	FIX_PLACE_CLEAR_923
3996	FIX_PLACE_CLEAR_924
3997	FIX_PLACE_CLEAR_925
3998	FIX_PLACE_CLEAR_926
3999	FIX_PLACE_CLEAR_927
4000	FIX_PLACE_CLEAR_928
4001	FIX_PLACE_CLEAR_929
4002	FIX_PLACE_CLEAR_930
4003	FIX_PLACE_CLEAR_931
4004	FIX_PLACE_CLEAR_932
4005	FIX_PLACE_CLEAR_933
4006	FIX_PLACE_CLEAR_934
4007	FIX_PLACE_CLEAR_935
4008	FIX_PLACE_CLEAR_936
4009	FIX_PLACE_CLEAR_937
4010	FIX_PLACE_CLEAR_938
4011	FIX_PLACE_CLEAR_939
4012	FIX_PLACE_CLEAR_940
4013	FIX_PLACE_CLEAR_941
4014	FIX_PLACE_CLEAR_942
4015	FIX_PLACE_CLEAR_943
4016	FIX_PLACE_CLEAR_944
4017	FIX_PLACE_CLEAR_945
4018	FIX_PLACE_CLEAR_946
4019	FIX_PLACE_CLEAR_947
4020	FIX_PLACE_CLEAR_948
4021	FIX_PLACE_CLEAR_949
4022	FIX_PLACE_CLEAR_950
4023	FIX_PLACE_CLEAR_951
4024	FIX_PLACE_CLEAR_952
4025	FIX_PLACE_CLEAR_953
4026	FIX_PLACE_CLEAR_954
4027	FIX_PLACE_CLEAR_955
4028	FIX_PLACE_CLEAR_956
4029	FIX_PLACE_CLEAR_957
4030	FIX_PLACE_CLEAR_958
4031	FIX_PLACE_CLEAR_959
4032	FIX_PLACE_CLEAR_960
4033	FIX_PLACE_CLEAR_ST_BRIDGE
4034	FIX_PLACE_CLEAR_962
4035	FIX_PLACE_CLEAR_EBONE_ROCK
4036	FIX_PLACE_CLEAR_964
4037	FIX_PLACE_CLEAR_965
4038	FIX_PLACE_CLEAR_966
4039	FIX_PLACE_CLEAR_967
4040	FIX_PLACE_CLEAR_968
4041	FIX_PLACE_CLEAR_969
4042	FIX_PLACE_CLEAR_970
4043	FIX_PLACE_CLEAR_KINGCROWNROCK_ENTRANCE
4044	FIX_PLACE_CLEAR_CAN_GO_TO_BEACHSTREET
4045	FIX_PLACE_CLEAR_CAN_GO_TO_JINJYA_HOME
4046	FIX_PLACE_CLEAR_KINGCROWNROCK_ENTRANCE2
4047	FIX_PLACE_CLEAR_AR_LEGO_CREATED
4048	FIX_PLACE_CLEAR_JB_LEGO1_CREATED
4049	FIX_PLACE_CLEAR_JB_LEGO2_CREATED
4050	FIX_PLACE_CLEAR_978
4051	FIX_PLACE_CLEAR_979
4052	FIX_PLACE_CLEAR_980
4053	FIX_PLACE_CLEAR_981
4054	FIX_PLACE_CLEAR_982
4055	FIX_PLACE_CLEAR_983
4056	FIX_PLACE_CLEAR_984
4057	FIX_PLACE_CLEAR_985
4058	FIX_PLACE_CLEAR_986
4059	FIX_PLACE_CLEAR_987
4060	FIX_PLACE_CLEAR_988
4061	FIX_PLACE_CLEAR_989
4062	FIX_PLACE_CLEAR_990
4063	FIX_PLACE_CLEAR_991
4064	FIX_PLACE_CLEAR_992
4065	FIX_PLACE_CLEAR_993
4066	FIX_PLACE_CLEAR_994
4067	FIX_PLACE_CLEAR_995
4068	FIX_PLACE_CLEAR_996
4069	FIX_PLACE_CLEAR_997
4070	FIX_PLACE_CLEAR_998
4071	FIX_PLACE_CLEAR_999
4072	FIX_PLACE_CLEAR_1000
4073	FIX_PLACE_CLEAR_1001
4074	FIX_PLACE_CLEAR_1002
4075	FIX_PLACE_CLEAR_1003
4076	FIX_PLACE_CLEAR_1004
4077	FIX_PLACE_CLEAR_1005
4078	FIX_PLACE_CLEAR_1006
4079	FIX_PLACE_CLEAR_1007
4080	FIX_PLACE_CLEAR_1008
4081	FIX_PLACE_CLEAR_1009
4082	FIX_PLACE_CLEAR_1010
4083	FIX_PLACE_CLEAR_1011
4084	FIX_PLACE_CLEAR_1012
4085	FIX_PLACE_CLEAR_1013
4086	FIX_PLACE_CLEAR_1014
4087	FIX_PLACE_CLEAR_1015
4088	FIX_PLACE_CLEAR_1016
4089	FIX_PLACE_CLEAR_1017
4090	FIX_PLACE_CLEAR_1018
4091	FIX_PLACE_CLEAR_1019
4092	FIX_PLACE_CLEAR_1020
4093	FIX_PLACE_CLEAR_1021
4094	FIX_PLACE_CLEAR_1022
4095	FIX_PLACE_CLEAR_1023
4096	FIX_PLACE_CLEAR_1024
4097	DROPITEM_000
4098	DROPITEM_001
4099	DROPITEM_002
4100	DROPITEM_003
4101	DROPITEM_004
4102	DROPITEM_005
4103	DROPITEM_006
4104	DROPITEM_007
4105	DROPITEM_008
4106	DROPITEM_009
4107	DROPITEM_010
4108	DROPITEM_011
4109	DROPITEM_012
4110	DROPITEM_013
4111	DROPITEM_014
4112	DROPITEM_015
4113	DROPITEM_016
4114	DROPITEM_017
4115	DROPITEM_018
4116	DROPITEM_019
4117	DROPITEM_020
4118	DROPITEM_021
4119	DROPITEM_022
4120	DROPITEM_023
4121	DROPITEM_024
4122	DROPITEM_025
4123	DROPITEM_026
4124	DROPITEM_027
4125	DROPITEM_028
4126	DROPITEM_029
4127	DROPITEM_030
4128	DROPITEM_031
4129	DROPITEM_032
4130	DROPITEM_033
4131	DROPITEM_034
4132	DROPITEM_035
4133	DROPITEM_036
4134	DROPITEM_037
4135	DROPITEM_038
4136	DROPITEM_039
4137	DROPITEM_040
4138	DROPITEM_041
4139	DROPITEM_042
4140	DROPITEM_043
4141	DROPITEM_044
4142	DROPITEM_045
4143	DROPITEM_046
4144	DROPITEM_047
4145	DROPITEM_048
4146	DROPITEM_049
4147	DROPITEM_050
4148	DROPITEM_051
4149	DROPITEM_052
4150	DROPITEM_053
4151	DROPITEM_054
4152	DROPITEM_055
4153	DROPITEM_056
4154	DROPITEM_057
4155	DROPITEM_058
4156	DROPITEM_059
4157	DROPITEM_060
4158	DROPITEM_061
4159	DROPITEM_062
4160	DROPITEM_063
4161	DROPITEM_064
4162	DROPITEM_065
4163	DROPITEM_066
4164	DROPITEM_067
4165	DROPITEM_068
4166	DROPITEM_069
4167	DROPITEM_070
4168	DROPITEM_071
4169	DROPITEM_072
4170	DROPITEM_073
4171	DROPITEM_074
4172	DROPITEM_075
4173	DROPITEM_076
4174	DROPITEM_077
4175	DROPITEM_078
4176	DROPITEM_079
4177	DROPITEM_080
4178	DROPITEM_081
4179	DROPITEM_082
4180	DROPITEM_083
4181	DROPITEM_084
4182	DROPITEM_085
4183	DROPITEM_086
4184	DROPITEM_087
4185	DROPITEM_088
4186	DROPITEM_089
4187	DROPITEM_090
4188	DROPITEM_091
4189	DROPITEM_092
4190	DROPITEM_093
4191	DROPITEM_094
4192	DROPITEM_095
4193	DROPITEM_096
4194	DROPITEM_097
4195	DROPITEM_098
4196	DROPITEM_099
4197	DROPITEM_100
4198	DROPITEM_101
4199	DROPITEM_102
4200	DROPITEM_103
4201	DROPITEM_104
4202	DROPITEM_105
4203	DROPITEM_106
4204	DROPITEM_107
4205	DROPITEM_108
4206	DROPITEM_109
4207	DROPITEM_110
4208	DROPITEM_111
4209	DROPITEM_112
4210	DROPITEM_113
4211	DROPITEM_114
4212	DROPITEM_115
4213	DROPITEM_116
4214	DROPITEM_117
4215	DROPITEM_118
4216	DROPITEM_119
4217	DROPITEM_120
4218	DROPITEM_121
4219	DROPITEM_122
4220	DROPITEM_123
4221	DROPITEM_124
4222	DROPITEM_125
4223	DROPITEM_126
4224	DROPITEM_127
4225	DROPITEM_128
4226	DROPITEM_129
4227	DROPITEM_130
4228	DROPITEM_131
4229	DROPITEM_132
4230	DROPITEM_133
4231	DROPITEM_134
4232	DROPITEM_135
4233	DROPITEM_136
4234	DROPITEM_137
4235	DROPITEM_138
4236	DROPITEM_139
4237	DROPITEM_140
4238	DROPITEM_141
4239	DROPITEM_142
4240	DROPITEM_143
4241	DROPITEM_144
4242	DROPITEM_145
4243	DROPITEM_146
4244	DROPITEM_147
4245	DROPITEM_148
4246	DROPITEM_149
4247	DROPITEM_150
4248	DROPITEM_151
4249	DROPITEM_152
4250	DROPITEM_153
4251	DROPITEM_154
4252	DROPITEM_155
4253	DROPITEM_156
4254	DROPITEM_157
4255	DROPITEM_158
4256	DROPITEM_159
4257	DROPITEM_160
4258	DROPITEM_161
4259	DROPITEM_162
4260	DROPITEM_163
4261	DROPITEM_164
4262	DROPITEM_165
4263	DROPITEM_166
4264	DROPITEM_167
4265	DROPITEM_168
4266	DROPITEM_169
4267	DROPITEM_170
4268	DROPITEM_171
4269	DROPITEM_172
4270	DROPITEM_173
4271	DROPITEM_174
4272	DROPITEM_175
4273	DROPITEM_176
4274	DROPITEM_177
4275	DROPITEM_178
4276	DROPITEM_179
4277	DROPITEM_180
4278	DROPITEM_181
4279	DROPITEM_182
4280	DROPITEM_183
4281	DROPITEM_184
4282	DROPITEM_185
4283	DROPITEM_186
4284	DROPITEM_187
4285	DROPITEM_188
4286	DROPITEM_189
4287	DROPITEM_190
4288	DROPITEM_191
4289	DROPITEM_192
4290	DROPITEM_193
4291	DROPITEM_194
4292	DROPITEM_195
4293	DROPITEM_196
4294	DROPITEM_197
4295	DROPITEM_198
4296	DROPITEM_199
4297	DROPITEM_200
4298	DROPITEM_201
4299	DROPITEM_202
4300	DROPITEM_203
4301	DROPITEM_204
4302	DROPITEM_205
4303	DROPITEM_206
4304	DROPITEM_207
4305	DROPITEM_208
4306	DROPITEM_209
4307	DROPITEM_210
4308	DROPITEM_211
4309	DROPITEM_212
4310	DROPITEM_213
4311	DROPITEM_214
4312	DROPITEM_215
4313	DROPITEM_216
4314	DROPITEM_217
4315	DROPITEM_218
4316	DROPITEM_219
4317	DROPITEM_220
4318	DROPITEM_221
4319	DROPITEM_222
4320	DROPITEM_223
4321	DROPITEM_224
4322	DROPITEM_225
4323	DROPITEM_226
4324	DROPITEM_227
4325	DROPITEM_228
4326	DROPITEM_229
4327	DROPITEM_230
4328	DROPITEM_231
4329	DROPITEM_232
4330	DROPITEM_233
4331	DROPITEM_234
4332	DROPITEM_235
4333	DROPITEM_236
4334	DROPITEM_237
4335	DROPITEM_238
4336	DROPITEM_239
4337	DROPITEM_240
4338	DROPITEM_241
4339	DROPITEM_242
4340	DROPITEM_243
4341	DROPITEM_244
4342	DROPITEM_245
4343	DROPITEM_246
4344	DROPITEM_247
4345	DROPITEM_248
4346	DROPITEM_249
4347	DROPITEM_250
4348	DROPITEM_251
4349	DROPITEM_252
4350	DROPITEM_253
4351	DROPITEM_254
4352	DROPITEM_255
4353	DROPITEM_256
4354	DROPITEM_257
4355	DROPITEM_258
4356	DROPITEM_259
4357	DROPITEM_260
4358	DROPITEM_261
4359	DROPITEM_262
4360	DROPITEM_263
4361	DROPITEM_264
4362	DROPITEM_265
4363	DROPITEM_266
4364	DROPITEM_267
4365	DROPITEM_268
4366	DROPITEM_269
4367	DROPITEM_270
4368	DROPITEM_271
4369	DROPITEM_272
4370	DROPITEM_273
4371	DROPITEM_274
4372	DROPITEM_275
4373	DROPITEM_276
4374	DROPITEM_277
4375	DROPITEM_278
4376	DROPITEM_279
4377	DROPITEM_280
4378	DROPITEM_281
4379	DROPITEM_282
4380	DROPITEM_283
4381	DROPITEM_284
4382	DROPITEM_285
4383	DROPITEM_286
4384	DROPITEM_287
4385	DROPITEM_288
4386	DROPITEM_289
4387	DROPITEM_290
4388	DROPITEM_291
4389	DROPITEM_292
4390	DROPITEM_293
4391	DROPITEM_294
4392	DROPITEM_295
4393	DROPITEM_296
4394	DROPITEM_297
4395	DROPITEM_298
4396	DROPITEM_299
4397	DROPITEM_300
4398	DROPITEM_301
4399	DROPITEM_302
4400	DROPITEM_303
4401	DROPITEM_304
4402	DROPITEM_305
4403	DROPITEM_306
4404	DROPITEM_307
4405	DROPITEM_308
4406	DROPITEM_309
4407	DROPITEM_310
4408	DROPITEM_311
4409	DROPITEM_312
4410	DROPITEM_313
4411	DROPITEM_314
4412	DROPITEM_315
4413	DROPITEM_316
4414	DROPITEM_317
4415	DROPITEM_318
4416	DROPITEM_319
4417	DROPITEM_320
4418	DROPITEM_321
4419	DROPITEM_322
4420	DROPITEM_323
4421	DROPITEM_324
4422	DROPITEM_325
4423	DROPITEM_326
4424	DROPITEM_327
4425	DROPITEM_328
4426	DROPITEM_329
4427	DROPITEM_330
4428	DROPITEM_331
4429	DROPITEM_332
4430	DROPITEM_333
4431	DROPITEM_334
4432	DROPITEM_335
4433	DROPITEM_336
4434	DROPITEM_337
4435	DROPITEM_338
4436	DROPITEM_339
4437	DROPITEM_340
4438	DROPITEM_341
4439	DROPITEM_342
4440	DROPITEM_343
4441	DROPITEM_344
4442	DROPITEM_345
4443	DROPITEM_346
4444	DROPITEM_347
4445	DROPITEM_348
4446	DROPITEM_349
4447	DROPITEM_350
4448	DROPITEM_351
4449	DROPITEM_352
4450	DROPITEM_353
4451	DROPITEM_354
4452	DROPITEM_355
4453	DROPITEM_356
4454	DROPITEM_357
4455	DROPITEM_358
4456	DROPITEM_359
4457	DROPITEM_360
4458	DROPITEM_361
4459	DROPITEM_362
4460	DROPITEM_363
4461	DROPITEM_364
4462	DROPITEM_365
4463	DROPITEM_366
4464	DROPITEM_367
4465	DROPITEM_368
4466	DROPITEM_369
4467	DROPITEM_370
4468	DROPITEM_371
4469	DROPITEM_372
4470	DROPITEM_373
4471	DROPITEM_374
4472	DROPITEM_375
4473	DROPITEM_376
4474	DROPITEM_377
4475	DROPITEM_378
4476	DROPITEM_379
4477	DROPITEM_380
4478	DROPITEM_381
4479	DROPITEM_382
4480	DROPITEM_383
4481	DROPITEM_384
4482	DROPITEM_385
4483	DROPITEM_386
4484	DROPITEM_387
4485	DROPITEM_388
4486	DROPITEM_389
4487	DROPITEM_390
4488	DROPITEM_391
4489	DROPITEM_392
4490	DROPITEM_393
4491	DROPITEM_394
4492	DROPITEM_395
4493	DROPITEM_396
4494	DROPITEM_397
4495	DROPITEM_398
4496	DROPITEM_399
4497	DROPITEM_400
4498	DROPITEM_401
4499	DROPITEM_402
4500	DROPITEM_403
4501	DROPITEM_404
4502	DROPITEM_405
4503	DROPITEM_406
4504	DROPITEM_407
4505	DROPITEM_408
4506	DROPITEM_409
4507	DROPITEM_410
4508	DROPITEM_411
4509	DROPITEM_412
4510	DROPITEM_413
4511	DROPITEM_414
4512	DROPITEM_415
4513	DROPITEM_416
4514	DROPITEM_417
4515	DROPITEM_418
4516	DROPITEM_419
4517	DROPITEM_420
4518	DROPITEM_421
4519	DROPITEM_422
4520	DROPITEM_423
4521	DROPITEM_424
4522	DROPITEM_425
4523	DROPITEM_426
4524	DROPITEM_427
4525	DROPITEM_428
4526	DROPITEM_429
4527	DROPITEM_430
4528	DROPITEM_431
4529	DROPITEM_432
4530	DROPITEM_433
4531	DROPITEM_434
4532	DROPITEM_435
4533	DROPITEM_436
4534	DROPITEM_437
4535	DROPITEM_438
4536	DROPITEM_439
4537	DROPITEM_440
4538	DROPITEM_441
4539	DROPITEM_442
4540	DROPITEM_443
4541	DROPITEM_444
4542	DROPITEM_445
4543	DROPITEM_446
4544	DROPITEM_447
4545	DROPITEM_448
4546	DROPITEM_449
4547	DROPITEM_450
4548	DROPITEM_451
4549	DROPITEM_452
4550	DROPITEM_453
4551	DROPITEM_454
4552	DROPITEM_455
4553	DROPITEM_456
4554	DROPITEM_457
4555	DROPITEM_458
4556	DROPITEM_459
4557	DROPITEM_460
4558	DROPITEM_461
4559	DROPITEM_462
4560	DROPITEM_463
4561	DROPITEM_464
4562	DROPITEM_465
4563	DROPITEM_466
4564	DROPITEM_467
4565	DROPITEM_468
4566	DROPITEM_469
4567	DROPITEM_470
4568	DROPITEM_471
4569	DROPITEM_472
4570	DROPITEM_473
4571	DROPITEM_474
4572	DROPITEM_475
4573	DROPITEM_476
4574	DROPITEM_477
4575	DROPITEM_478
4576	DROPITEM_479
4577	DROPITEM_480
4578	DROPITEM_481
4579	DROPITEM_482
4580	DROPITEM_483
4581	DROPITEM_484
4582	DROPITEM_485
4583	DROPITEM_486
4584	DROPITEM_487
4585	DROPITEM_488
4586	DROPITEM_489
4587	DROPITEM_490
4588	DROPITEM_491
4589	DROPITEM_492
4590	DROPITEM_493
4591	DROPITEM_494
4592	DROPITEM_495
4593	DROPITEM_496
4594	DROPITEM_497
4595	DROPITEM_498
4596	DROPITEM_499
4597	DROPITEM_500
4598	DROPITEM_501
4599	DROPITEM_502
4600	DROPITEM_503
4601	DROPITEM_504
4602	DROPITEM_505
4603	DROPITEM_506
4604	DROPITEM_507
4605	DROPITEM_508
4606	DROPITEM_509
4607	DROPITEM_510
4608	DROPITEM_511
4609	DROPITEM_512
4610	FIRST_DESTROY_FLAG_000
4611	FIRST_DESTROY_FLAG_001
4612	FIRST_DESTROY_FLAG_002
4613	FIRST_DESTROY_FLAG_003
4614	FIRST_DESTROY_FLAG_004
4615	FIRST_DESTROY_FLAG_005
4616	FIRST_DESTROY_FLAG_006
4617	FIRST_DESTROY_FLAG_007
4618	FIRST_DESTROY_FLAG_008
4619	FIRST_DESTROY_FLAG_009
4620	FIRST_DESTROY_FLAG_010
4621	FIRST_DESTROY_FLAG_011
4622	FIRST_DESTROY_FLAG_012
4623	FIRST_DESTROY_FLAG_013
4624	FIRST_DESTROY_FLAG_014
4625	FIRST_DESTROY_FLAG_015
4626	FIRST_DESTROY_FLAG_016
4627	FIRST_DESTROY_FLAG_017
4628	FIRST_DESTROY_FLAG_018
4629	FIRST_DESTROY_FLAG_019
4630	FIRST_DESTROY_FLAG_020
4631	FIRST_DESTROY_FLAG_021
4632	FIRST_DESTROY_FLAG_022
4633	FIRST_DESTROY_FLAG_023
4634	FIRST_DESTROY_FLAG_024
4635	FIRST_DESTROY_FLAG_025
4636	FIRST_DESTROY_FLAG_026
4637	FIRST_DESTROY_FLAG_027
4638	FIRST_DESTROY_FLAG_028
4639	FIRST_DESTROY_FLAG_029
4640	FIRST_DESTROY_FLAG_030
4641	FIRST_DESTROY_FLAG_031
4642	IS_DROPED_CORRECTION_ITEM000
4643	IS_DROPED_CORRECTION_ITEM001
4644	IS_DROPED_CORRECTION_ITEM002
4645	IS_DROPED_CORRECTION_ITEM003
4646	IS_DROPED_CORRECTION_ITEM004
4647	IS_DROPED_CORRECTION_ITEM005
4648	IS_DROPED_CORRECTION_ITEM006
4649	IS_DROPED_CORRECTION_ITEM007
4650	IS_DROPED_CORRECTION_ITEM008
4651	IS_DROPED_CORRECTION_ITEM009
4652	IS_DROPED_CORRECTION_ITEM010
4653	IS_DROPED_CORRECTION_ITEM011
4654	IS_DROPED_CORRECTION_ITEM012
4655	IS_DROPED_CORRECTION_ITEM013
4656	IS_DROPED_CORRECTION_ITEM014
4657	IS_DROPED_CORRECTION_ITEM015
4658	IS_DROPED_CORRECTION_ITEM016
4659	IS_DROPED_CORRECTION_ITEM017
4660	IS_DROPED_CORRECTION_ITEM018
4661	IS_DROPED_CORRECTION_ITEM019
4662	IS_DROPED_CORRECTION_ITEM020
4663	IS_DROPED_CORRECTION_ITEM021
4664	IS_DROPED_CORRECTION_ITEM022
4665	IS_DROPED_CORRECTION_ITEM023
4666	IS_DROPED_CORRECTION_ITEM024
4667	IS_DROPED_CORRECTION_ITEM025
4668	IS_DROPED_CORRECTION_ITEM026
4669	IS_DROPED_CORRECTION_ITEM027
4670	IS_DROPED_CORRECTION_ITEM028
4671	IS_DROPED_CORRECTION_ITEM029
4672	IS_DROPED_CORRECTION_ITEM030
4673	IS_DROPED_CORRECTION_ITEM031
4674	IS_DROPED_CORRECTION_ITEM032
4675	IS_DROPED_CORRECTION_ITEM033
4676	IS_DROPED_CORRECTION_ITEM034
4677	IS_DROPED_CORRECTION_ITEM035
4678	IS_DROPED_CORRECTION_ITEM036
4679	IS_DROPED_CORRECTION_ITEM037
4680	IS_DROPED_CORRECTION_ITEM038
4681	IS_DROPED_CORRECTION_ITEM039